"","gene_id","baseMean","log2FoldChange","lfcSE","pvalue","padj","symbol","diffexpressed"
"1","ENSG00000004846",51.90382,-2.043555,0.49084466,1.166569e-07,9.149024e-06,"ABCB5","DOWN"
"2","ENSG00000005073",275.5513,-0.5728208,0.27870209,0.0003430255,0.008525142,"HOXA11","DOWN"
"3","ENSG00000005194",1357.09,-0.3051237,0.14996823,0.001053781,0.02103521,"CIAPIN1","DOWN"
"4","ENSG00000005483",6353.789,-0.2201268,0.11130475,0.003099083,0.046658,"KMT2E","DOWN"
"5","ENSG00000006283",613.9581,-1.024295,0.20570547,1.959879e-08,1.818612e-06,"CACNA1G","DOWN"
"6","ENSG00000006468",161.2312,-0.8587487,0.34160739,7.720571e-05,0.002440378,"ETV1","DOWN"
"7","ENSG00000006606",68.85523,-1.472461,0.43081625,3.48013e-06,0.0001817035,"CCL26","DOWN"
"8","ENSG00000008311",956.2891,-0.2955279,0.15139259,0.001400124,0.02613763,"AASS","DOWN"
"9","ENSG00000008394",916.9573,-1.457368,0.15063662,6.886424e-24,6.146625e-21,"MGST1","DOWN"
"10","ENSG00000009709",448.5156,-1.17298,0.19352503,3.063036e-11,5.080845e-09,"PAX7","DOWN"
"11","ENSG00000013364",2969.66,-0.5485598,0.13746257,6.95025e-07,4.555087e-05,"MVP","DOWN"
"12","ENSG00000013588",10330.06,-0.5822094,0.13167234,1.315574e-07,1.018972e-05,"GPRC5A","DOWN"
"13","ENSG00000018236",2209.071,-1.359692,0.12033587,2.151958e-31,6.722717e-28,"CNTN1","DOWN"
"14","ENSG00000018510",13953.71,-0.3107736,0.1176903,0.000206928,0.005588846,"AGPS","DOWN"
"15","ENSG00000019549",1169.397,-0.2832792,0.15701398,0.002199886,0.03658799,"SNAI2","DOWN"
"16","ENSG00000020633",140.7983,-1.255163,0.30562077,5.161772e-07,3.557068e-05,"RUNX3","DOWN"
"17","ENSG00000023171",148.8204,-0.5507987,0.42075074,0.001751354,0.03088182,"GRAMD1B","DOWN"
"18","ENSG00000025039",505.0083,-0.4991559,0.20929633,0.0001627805,0.004608999,"RRAGD","DOWN"
"19","ENSG00000026025",78437.92,-0.3622094,0.10811439,1.278732e-05,0.0005386192,"VIM","DOWN"
"20","ENSG00000026103",613.2644,-0.4947875,0.1939121,0.000101535,0.003064691,"FAS","DOWN"
"21","ENSG00000026751",66.10792,-1.754551,0.5550704,3.635318e-06,0.0001887545,"SLAMF7","DOWN"
"22","ENSG00000026950",362.1623,-0.8713294,0.20785077,7.090101e-07,4.614474e-05,"BTN3A1","DOWN"
"23","ENSG00000028277",90.91917,-0.9276956,0.53502074,0.0002875875,0.007344059,"POU2F2","DOWN"
"24","ENSG00000030419",1494.419,-0.3606975,0.1628034,0.0004303859,0.01023751,"IKZF2","DOWN"
"25","ENSG00000031081",2107.159,-0.7647228,0.12950206,2.244521e-10,3.187219e-08,"ARHGAP31","DOWN"
"26","ENSG00000036054",9509.023,-0.6532612,0.10784033,5.294308e-11,8.554872e-09,"TBC1D23","DOWN"
"27","ENSG00000047346",755.8894,-0.4078657,0.20448273,0.0006045469,0.01353838,"ATOSA","DOWN"
"28","ENSG00000048342",860.6519,-0.8031229,0.16559794,4.978193e-08,4.203209e-06,"CC2D2A","DOWN"
"29","ENSG00000048392",8514.927,-0.8292496,0.1146922,4.307194e-14,1.242062e-11,"RRM2B","DOWN"
"30","ENSG00000048649",6301.456,-0.2169599,0.10781397,0.002987907,0.04561784,"RSF1","DOWN"
"31","ENSG00000049089",241.8113,-0.3956043,0.30104538,0.003197292,0.04762059,"COL9A2","DOWN"
"32","ENSG00000049249",294.406,-1.250345,0.34022096,2.258729e-06,0.0001246217,"TNFRSF9","DOWN"
"33","ENSG00000049323",1780.798,-0.5803182,0.14297552,6.052364e-07,4.080774e-05,"LTBP1","DOWN"
"34","ENSG00000049449",16512.78,-0.3467887,0.10896557,2.670026e-05,0.001019287,"RCN1","DOWN"
"35","ENSG00000054598",856.621,-0.2718787,0.1587522,0.002997702,0.04568206,"FOXC1","DOWN"
"36","ENSG00000055163",4036.991,-0.3241926,0.14556224,0.0005506895,0.01249652,"CYFIP2","DOWN"
"37","ENSG00000055813",191.6959,-0.8132915,0.2896894,4.257766e-05,0.001497328,"CCDC85A","DOWN"
"38","ENSG00000060688",3416.166,-0.8517134,0.10730679,1.884734e-16,8.215687e-14,"SNRNP40","DOWN"
"39","ENSG00000060718",8216.414,-0.7224389,0.11822005,5.988342e-11,9.51233e-09,"COL11A1","DOWN"
"40","ENSG00000062725",8327.086,-0.2100828,0.10245439,0.002991055,0.04561784,"APPBP2","DOWN"
"41","ENSG00000064115",5556.059,-0.4164602,0.13925078,3.060945e-05,0.001145197,"TM7SF3","DOWN"
"42","ENSG00000064419",3569.08,-0.5625141,0.11686348,1.874904e-08,1.75716e-06,"TNPO3","DOWN"
"43","ENSG00000064666",2548.505,-0.2610145,0.14434598,0.002736917,0.04303756,"CNN2","DOWN"
"44","ENSG00000065534",2964.257,-0.2896765,0.12632859,0.0006525267,0.01440631,"MYLK","DOWN"
"45","ENSG00000065621",482.9666,-0.6029058,0.21308862,4.387362e-05,0.001537135,"GSTO2","DOWN"
"46","ENSG00000065675",514.7978,-0.3311963,0.19883204,0.002048531,0.03468383,"PRKCQ","DOWN"
"47","ENSG00000066427",1339.629,-0.3304707,0.17599164,0.001249229,0.02396679,"ATXN3","DOWN"
"48","ENSG00000066583",2050.728,-0.2469903,0.12375262,0.002137375,0.03573859,"ISOC1","DOWN"
"49","ENSG00000067167",12878.3,-0.2791931,0.12042651,0.0006877593,0.0150074,"TRAM1","DOWN"
"50","ENSG00000069431",144.7561,-0.7777804,0.45536343,0.0004437088,0.01050111,"ABCC9","DOWN"
"51","ENSG00000070087",11322.8,-0.404044,0.10628762,1.584615e-06,9.252964e-05,"PFN2","DOWN"
"52","ENSG00000070371",1577.782,-0.3383896,0.13434714,0.0002223481,0.005928439,"CLTCL1","DOWN"
"53","ENSG00000071553",3104.269,-0.2453323,0.12132383,0.002056334,0.03475557,"ATP6AP1","DOWN"
"54","ENSG00000071967",1702.254,-0.2743151,0.13418997,0.00140226,0.02613763,"CYBRD1","DOWN"
"55","ENSG00000072042",9515.452,-0.2363431,0.10162664,0.001126168,0.02214994,"RDH11","DOWN"
"56","ENSG00000072133",1265.743,-0.578218,0.14602065,8.923426e-07,5.594003e-05,"RPS6KA6","DOWN"
"57","ENSG00000072201",217.3887,-1.863285,0.25609387,7.997152e-15,2.49831e-12,"LNX1","DOWN"
"58","ENSG00000073146",46.47276,-1.092144,0.66651362,0.0002049998,0.005566596,"MOV10L1","DOWN"
"59","ENSG00000073921",7327.715,-0.3520373,0.1151228,3.831953e-05,0.001381272,"PICALM","DOWN"
"60","ENSG00000074410",2538.455,-0.4448032,0.16002515,5.534276e-05,0.001836008,"CA12","DOWN"
"61","ENSG00000074527",357.8166,-1.187552,0.21279356,5.134519e-10,6.683432e-08,"NTN4","DOWN"
"62","ENSG00000076043",2790.294,-0.2291727,0.11776583,0.002963716,0.04542265,"REXO2","DOWN"
"63","ENSG00000077782",2776.917,-0.2694679,0.14149224,0.002026939,0.0344451,"FGFR1","DOWN"
"64","ENSG00000078061",1613.385,-0.4541214,0.14346792,1.48472e-05,0.0006143396,"ARAF","DOWN"
"65","ENSG00000078237",4026.58,-0.3154171,0.11081593,0.0001085749,0.003230362,"TIGAR","DOWN"
"66","ENSG00000078328",52.29191,-0.5465364,0.59899323,0.00257011,0.04110422,"RBFOX1","DOWN"
"67","ENSG00000078401",948.029,-0.9179015,0.16377648,1.061309e-09,1.308761e-07,"EDN1","DOWN"
"68","ENSG00000078687",1110.128,-0.5776569,0.18638546,1.908511e-05,0.0007643833,"TNRC6C","DOWN"
"69","ENSG00000078804",885.6224,-0.3737153,0.19974757,0.0009722867,0.0197449,"TP53INP2","DOWN"
"70","ENSG00000081052",236.6888,-0.3971734,0.27325767,0.002353629,0.03859705,"COL4A4","DOWN"
"71","ENSG00000081479",17.97267,-0.4745659,0.71014736,0.002124683,0.03555808,"LRP2","DOWN"
"72","ENSG00000082126",69.98891,-0.6274926,0.49738434,0.001423624,0.02644639,"MPP4","DOWN"
"73","ENSG00000082781",4832.755,-0.3923577,0.12454295,2.023828e-05,0.0008020008,"ITGB5","DOWN"
"74","ENSG00000083067",36.41582,-1.119391,0.7354811,0.0002055103,0.005566596,"TRPM3","DOWN"
"75","ENSG00000084444",995.5825,-0.2654721,0.14554125,0.002522078,0.0405784,"FAM234B","DOWN"
"76","ENSG00000084453",186.7932,-1.560091,0.26743639,8.907553e-11,1.368551e-08,"SLCO1A2","DOWN"
"77","ENSG00000084731",2816.139,-0.3562734,0.18046058,0.000828197,0.01730889,"KIF3C","DOWN"
"78","ENSG00000086289",2004.113,-0.2443232,0.12042164,0.002050239,0.03468383,"EPDR1","DOWN"
"79","ENSG00000086991",327.3658,-1.242926,0.23485566,2.249492e-09,2.600962e-07,"NOX4","DOWN"
"80","ENSG00000087088",2977.032,-0.2313376,0.11842225,0.002838441,0.04415249,"BAX","DOWN"
"81","ENSG00000087116",187.4998,-0.5058302,0.3527648,0.001631087,0.02945385,"ADAMTS2","DOWN"
"82","ENSG00000087245",7531.364,-1.08305,0.12082949,9.795608e-21,7.06188e-18,"MMP2","DOWN"
"83","ENSG00000087995",2547.392,-0.2769519,0.11724047,0.0006320353,0.01403657,"METTL2A","DOWN"
"84","ENSG00000089041",58.55647,-1.528801,0.48313709,5.862286e-06,0.000278184,"P2RX7","DOWN"
"85","ENSG00000089199",44.96147,-1.467621,0.64358677,3.285498e-05,0.001209656,"CHGB","DOWN"
"86","ENSG00000089225",55.79798,-1.355211,0.57168322,3.799995e-05,0.001375041,"TBX5","DOWN"
"87","ENSG00000089250",264.4355,-2.737475,0.28981499,4.301343e-25,5.374958e-22,"NOS1","DOWN"
"88","ENSG00000089472",167.1792,-1.697109,0.2989534,2.269408e-10,3.198329e-08,"HEPH","DOWN"
"89","ENSG00000089818",2262.886,-0.2726878,0.13259679,0.00138738,0.02597908,"NECAP1","DOWN"
"90","ENSG00000091972",283.406,-1.794845,0.22537861,4.349448e-17,2.143563e-14,"CD200","DOWN"
"91","ENSG00000092108",4556.921,-0.5813671,0.11717176,1.04682e-08,1.066391e-06,"SCFD1","DOWN"
"92","ENSG00000092607",581.2992,-0.8995023,0.17376161,1.023338e-08,1.051911e-06,"TBX15","DOWN"
"93","ENSG00000095587",52.9925,-0.5065976,0.51129656,0.003147827,0.0472023,"TLL2","DOWN"
"94","ENSG00000099250",12674.66,-0.2856194,0.1059356,0.000235868,0.006183371,"NRP1","DOWN"
"95","ENSG00000099284",1625.025,-0.6967373,0.15057799,1.006427e-07,8.027435e-06,"MACROH2A2","DOWN"
"96","ENSG00000099860",536.3152,-0.3419869,0.1954548,0.001569582,0.02845284,"GADD45B","DOWN"
"97","ENSG00000100100",189.643,-0.8483561,0.31390561,5.179536e-05,0.001746137,"PIK3IP1","DOWN"
"98","ENSG00000100154",1536.842,-0.5352512,0.23626077,0.000214107,0.005766122,"TTC28","DOWN"
"99","ENSG00000100219",2761.426,-0.2339759,0.11430093,0.002234436,0.03709678,"XBP1","DOWN"
"100","ENSG00000100324",646.2108,-0.3260394,0.19377798,0.002040338,0.03464139,"TAB1","DOWN"
"101","ENSG00000100330",3235.73,-0.3155952,0.14767444,0.0007460575,0.01596359,"MTMR3","DOWN"
"102","ENSG00000100342",687.6063,-0.456708,0.18005854,0.0001135865,0.003363453,"APOL1","DOWN"
"103","ENSG00000100353",8093.507,-0.2386699,0.10379438,0.001167103,0.022694,"EIF3D","DOWN"
"104","ENSG00000100354",7881.418,-0.2661413,0.14419536,0.002389353,0.03894438,"TNRC6B","DOWN"
"105","ENSG00000100385",764.3053,-0.3789899,0.20200829,0.0009341514,0.01913632,"IL2RB","DOWN"
"106","ENSG00000100393",8692.991,-0.3288815,0.10475324,3.740209e-05,0.001358653,"EP300","DOWN"
"107","ENSG00000100433",744.5185,-1.303004,0.17018582,3.252652e-16,1.354838e-13,"KCNK10","DOWN"
"108","ENSG00000100439",756.4752,-0.8217945,0.1591903,1.179737e-08,1.176223e-06,"ABHD4","DOWN"
"109","ENSG00000100504",4545.932,-0.7557382,0.10356771,2.742053e-14,8.158261e-12,"PYGL","DOWN"
"110","ENSG00000100528",4399.77,-0.3214388,0.12355127,0.0002066036,0.005588136,"CNIH1","DOWN"
"111","ENSG00000100626",2545.504,-0.6088776,0.18179399,8.970019e-06,0.0004012745,"GALNT16","DOWN"
"112","ENSG00000100804",2692.237,-0.3045216,0.12803617,0.0004487513,0.01060705,"PSMB5","DOWN"
"113","ENSG00000101000",770.8568,-0.5903754,0.16636098,4.350999e-06,0.0002163266,"PROCR","DOWN"
"114","ENSG00000101096",673.8874,-1.161536,0.17008742,2.003886e-13,5.365833e-11,"NFATC2","DOWN"
"115","ENSG00000101115",654.0864,-0.8259602,0.16555145,2.675652e-08,2.422823e-06,"SALL4","DOWN"
"116","ENSG00000101132",2139.82,-0.4076447,0.15806519,0.0001179514,0.003481704,"PFDN4","DOWN"
"117","ENSG00000101144",686.7673,-1.769038,0.17726503,5.902247e-25,6.914482e-22,"BMP7","DOWN"
"118","ENSG00000101349",68.10266,-0.495361,0.4602913,0.003071716,0.04639504,"PAK5","DOWN"
"119","ENSG00000101782",916.8446,-0.2564147,0.14554103,0.003174573,0.04746292,"RIOK3","DOWN"
"120","ENSG00000101935",479.1531,-1.008692,0.21356795,6.697916e-08,5.45851e-06,"AMMECR1","DOWN"
"121","ENSG00000101955",2096.015,-0.5044732,0.1534864,9.352128e-06,0.000414412,"SRPX","DOWN"
"122","ENSG00000102024",4491.301,-0.3309501,0.11607741,9.061322e-05,0.002770725,"PLS3","DOWN"
"123","ENSG00000102174",81.07801,-0.5298548,0.48152644,0.002561894,0.04100781,"PHEX","DOWN"
"124","ENSG00000102230",70.339,-0.8624996,0.59686269,0.0005143982,0.01183053,"PCYT1B","DOWN"
"125","ENSG00000102359",1545.074,-0.4690879,0.13751983,5.93962e-06,0.0002804339,"SRPX2","DOWN"
"126","ENSG00000102409",1350.873,-0.2550266,0.13445279,0.002417966,0.0393141,"BEX4","DOWN"
"127","ENSG00000102547",260.8719,-0.8720013,0.25304089,7.75099e-06,0.0003509289,"CAB39L","DOWN"
"128","ENSG00000102786",1931.636,-0.407921,0.13351994,2.564133e-05,0.0009848792,"INTS6","DOWN"
"129","ENSG00000102967",342.6181,-0.8215417,0.38984134,0.0001906646,0.005240201,"DHODH","DOWN"
"130","ENSG00000103245",293.2793,-0.7638673,0.29931805,8.20497e-05,0.002554717,"CIAO3","DOWN"
"131","ENSG00000103489",750.4156,-0.295934,0.17610405,0.002579115,0.04121307,"XYLT1","DOWN"
"132","ENSG00000103591",6234.201,-0.2974273,0.13993165,0.0009102476,0.01872852,"AAGAB","DOWN"
"133","ENSG00000103642",2550.448,-0.3750847,0.13965829,0.0001026314,0.003092802,"LACTB","DOWN"
"134","ENSG00000104332",1352.995,-0.93164,0.13483393,2.975053e-13,7.745054e-11,"SFRP1","DOWN"
"135","ENSG00000104368",1661.976,-0.8131005,0.13460494,1.066894e-10,1.61273e-08,"PLAT","DOWN"
"136","ENSG00000104412",1724.005,-0.3304139,0.15120685,0.0005821543,0.01311526,"EMC2","DOWN"
"137","ENSG00000104419",2842.567,-0.4630844,0.12892166,2.97897e-06,0.0001581808,"NDRG1","DOWN"
"138","ENSG00000104432",28.18186,-1.296505,0.85541061,0.0001070066,0.00319384,"IL7","DOWN"
"139","ENSG00000104823",748.4721,-0.2829799,0.17498141,0.003307576,0.04893228,"ECH1","DOWN"
"140","ENSG00000105939",3883.07,-0.2517434,0.12644624,0.002042543,0.03464744,"ZC3HAV1","DOWN"
"141","ENSG00000106031",721.4174,-0.7392888,0.21555833,8.389479e-06,0.0003762019,"HOXA13","DOWN"
"142","ENSG00000106333",1311.494,-0.3730921,0.19701806,0.0009214008,0.01893721,"PCOLCE","DOWN"
"143","ENSG00000106536",265.4875,-1.385083,0.24569485,2.769655e-10,3.845512e-08,"POU6F2","DOWN"
"144","ENSG00000106714",290.3213,-0.6899458,0.29446702,0.0001461512,0.004208078,"CNTNAP3","DOWN"
"145","ENSG00000106991",279.1956,-0.7649207,0.27736896,5.052414e-05,0.001715624,"ENG","DOWN"
"146","ENSG00000108349",8343.4,-0.2274254,0.10663999,0.001993931,0.03416293,"CASC3","DOWN"
"147","ENSG00000108679",3975.546,-0.5595585,0.14554698,1.305241e-06,7.742226e-05,"LGALS3BP","DOWN"
"148","ENSG00000108797",1697.511,-0.8720998,0.12298317,1.038252e-13,2.86191e-11,"CNTNAP1","DOWN"
"149","ENSG00000109171",8741.416,-0.305037,0.16081545,0.001461349,0.02690719,"SLAIN2","DOWN"
"150","ENSG00000109265",454.2604,-1.839847,0.20444775,6.841017e-21,5.129121e-18,"CRACD","DOWN"
"151","ENSG00000109472",1702.001,-1.023774,0.14498667,6.738487e-14,1.89105e-11,"CPE","DOWN"
"152","ENSG00000109654",779.4343,-0.7423096,0.21251961,6.952177e-06,0.0003201759,"TRIM2","DOWN"
"153","ENSG00000109738",1159.563,-0.2918574,0.14920893,0.001436574,0.02660785,"GLRB","DOWN"
"154","ENSG00000110092",13814.32,-0.5976063,0.10317956,1.456092e-10,2.149054e-08,"CCND1","DOWN"
"155","ENSG00000110318",534.1119,-0.7521362,0.18546775,1.105663e-06,6.794933e-05,"CEP126","DOWN"
"156","ENSG00000110429",2771.188,-0.3352775,0.13229057,0.0002187572,0.005848975,"FBXO3","DOWN"
"157","ENSG00000110693",1681.166,-0.4267619,0.23010031,0.0008052957,0.01694607,"SOX6","DOWN"
"158","ENSG00000110841",4511.406,-0.3433882,0.13402735,0.0001884067,0.00518575,"PPFIBP1","DOWN"
"159","ENSG00000111249",55.70893,-1.123387,0.70622507,0.00019373,0.005305852,"CUX2","DOWN"
"160","ENSG00000111262",407.5861,-1.525192,0.19058831,2.289994e-17,1.22639e-14,"KCNA1","DOWN"
"161","ENSG00000111305",112.5101,-0.5066985,0.39100408,0.00210882,0.03535575,"GSG1","DOWN"
"162","ENSG00000111481",2866.283,-0.369192,0.13855122,0.0001139472,0.003368811,"COPZ1","DOWN"
"163","ENSG00000111647",1611.588,-0.3806003,0.15242104,0.0001733954,0.004836493,"BLTP3B","DOWN"
"164","ENSG00000111801",155.1997,-0.8278929,0.39576459,0.0001939025,0.005305852,"BTN3A3","DOWN"
"165","ENSG00000111816",107.5085,-1.117567,0.39752019,2.584069e-05,0.0009905071,"FRK","DOWN"
"166","ENSG00000111859",3168.238,-0.2864459,0.11961423,0.0005224872,0.01200184,"NEDD9","DOWN"
"167","ENSG00000112137",82.27421,-1.804358,0.40037997,6.134195e-08,5.065169e-06,"PHACTR1","DOWN"
"168","ENSG00000112208",2494.63,-0.2611438,0.13077505,0.001807942,0.03170071,"BAG2","DOWN"
"169","ENSG00000112902",67.2503,-1.320864,0.47559552,1.94122e-05,0.0007758256,"SEMA5A","DOWN"
"170","ENSG00000113163",1657.538,-0.3535492,0.1442918,0.0002381393,0.006224255,"CERT1","DOWN"
"171","ENSG00000113327",304.7712,-0.8876279,0.21272295,7.510137e-07,4.837457e-05,"GABRG2","DOWN"
"172","ENSG00000113356",1106.382,-0.3123982,0.15208597,0.0009417353,0.0192496,"POLR3G","DOWN"
"173","ENSG00000113361",369.8395,-0.6021323,0.30395607,0.000386643,0.009387612,"CDH6","DOWN"
"174","ENSG00000113657",12005.09,-0.3906227,0.16588134,0.0002462665,0.006375717,"DPYSL3","DOWN"
"175","ENSG00000113721",1609.833,-0.6749468,0.17589145,2.016503e-06,0.0001138474,"PDGFRB","DOWN"
"176","ENSG00000114023",1046.714,-0.5871541,0.15974849,2.731829e-06,0.000147566,"FAM162A","DOWN"
"177","ENSG00000114125",1270.178,-0.2656258,0.14666397,0.002589048,0.04128792,"RNF7","DOWN"
"178","ENSG00000114251",1194.539,-0.3151308,0.16524357,0.001310426,0.02479757,"WNT5A","DOWN"
"179","ENSG00000114353",9845.428,-0.2284959,0.10342933,0.001643997,0.02951637,"GNAI2","DOWN"
"180","ENSG00000114439",8438.259,-0.3776644,0.11366715,1.228745e-05,0.0005222582,"BBX","DOWN"
"181","ENSG00000114541",451.4427,-0.9624818,0.18931069,1.396623e-08,1.377805e-06,"FRMD4B","DOWN"
"182","ENSG00000114861",2633.101,-0.3497838,0.14095307,0.0002245301,0.005965075,"FOXP1","DOWN"
"183","ENSG00000115129",1592.278,-0.6249823,0.13472121,6.540043e-08,5.353125e-06,"TP53I3","DOWN"
"184","ENSG00000115232",635.6979,-0.7718124,0.20844316,3.700587e-06,0.0001912721,"ITGA4","DOWN"
"185","ENSG00000115461",19238.34,-0.7513645,0.15941937,8.325295e-08,6.668774e-06,"IGFBP5","DOWN"
"186","ENSG00000115919",25.04441,-2.932526,0.9155213,1.021186e-07,8.110643e-06,"KYNU","DOWN"
"187","ENSG00000116017",294.029,-0.7864797,0.34104,0.0001361323,0.003937752,"ARID3A","DOWN"
"188","ENSG00000116132",436.538,-1.965913,0.19137782,2.962154e-26,5.047511e-23,"PRRX1","DOWN"
"189","ENSG00000116183",94.11425,-1.019147,0.42884943,7.563739e-05,0.0024118,"PAPPA2","DOWN"
"190","ENSG00000116209",2568.597,-0.4577839,0.13178037,4.744586e-06,0.0002315951,"TMEM59","DOWN"
"191","ENSG00000116299",252.6807,-0.6925715,0.34088916,0.000289762,0.007379483,"ELAPOR1","DOWN"
"192","ENSG00000116329",65.78077,-2.004819,0.45257712,5.174595e-08,4.349444e-06,"OPRD1","DOWN"
"193","ENSG00000116711",207.7591,-0.7597814,0.29107138,7.208322e-05,0.002305679,"PLA2G4A","DOWN"
"194","ENSG00000116750",1913.906,-5.069068,0.16691565,1.178546e-203,2.209067e-199,"UCHL5","DOWN"
"195","ENSG00000116906",2454.547,-0.4096007,0.12709699,1.416676e-05,0.0005887842,"GNPAT","DOWN"
"196","ENSG00000117122",1065.506,-0.4563474,0.20120035,0.0002459297,0.006375717,"MFAP2","DOWN"
"197","ENSG00000117228",26.26236,-0.6559438,0.76559684,0.001155106,0.02257696,"GBP1","DOWN"
"198","ENSG00000118160",309.6358,-1.042421,0.21357303,2.980876e-08,2.673375e-06,"SLC8A2","DOWN"
"199","ENSG00000118276",441.4561,-0.8901485,0.19779289,2.141197e-07,1.611832e-05,"B4GALT6","DOWN"
"200","ENSG00000118523",10356.67,-0.349948,0.12321214,7.800067e-05,0.002440809,"CCN2","DOWN"
"201","ENSG00000118762",3262.954,-0.3508825,0.12651118,9.484765e-05,0.002886078,"PKD2","DOWN"
"202","ENSG00000119632",278.2968,-0.3872309,0.26696701,0.002476697,0.04002001,"IFI27L2","DOWN"
"203","ENSG00000119699",601.8402,-0.6279195,0.19799375,1.626344e-05,0.0006641437,"TGFB3","DOWN"
"204","ENSG00000119865",513.55,-1.362393,0.18309678,1.64708e-15,5.825071e-13,"CNRIP1","DOWN"
"205","ENSG00000120594",1122.581,-1.588891,0.15764366,1.590747e-25,2.293613e-22,"PLXDC2","DOWN"
"206","ENSG00000120699",1555.462,-0.3403158,0.1803737,0.001141083,0.02237287,"EXOSC8","DOWN"
"207","ENSG00000120756",1222.037,-0.2918824,0.17553103,0.002774168,0.04351381,"PLS1","DOWN"
"208","ENSG00000120820",323.8111,-2.069466,0.20375006,7.727146e-26,1.20698e-22,"GLT8D2","DOWN"
"209","ENSG00000120889",1934.18,-0.4070911,0.13469747,2.879016e-05,0.001090187,"TNFRSF10B","DOWN"
"210","ENSG00000120896",977.3259,-0.5255645,0.2016145,8.395036e-05,0.002600935,"SORBS3","DOWN"
"211","ENSG00000121005",1276.971,-1.108165,0.13851668,3.494644e-17,1.819544e-14,"CRISPLD1","DOWN"
"212","ENSG00000121236",1619.083,-0.4885519,0.16293665,2.525283e-05,0.0009739486,"TRIM6","DOWN"
"213","ENSG00000121361",576.108,-0.3715744,0.19630721,0.0009309083,0.01910526,"KCNJ8","DOWN"
"214","ENSG00000121486",1864.684,-0.2780996,0.12916123,0.001041979,0.02086629,"TRMT1L","DOWN"
"215","ENSG00000121552",16.26576,-0.7192621,0.84978099,0.0007127867,0.01546351,"CSTA","DOWN"
"216","ENSG00000122420",1666.788,-1.638187,0.12332286,8.371512e-42,5.230521e-38,"PTGFR","DOWN"
"217","ENSG00000122592",328.8163,-1.065858,0.21590449,2.143219e-08,1.96924e-06,"HOXA7","DOWN"
"218","ENSG00000122786",9641.724,-0.3961131,0.11961664,1.114756e-05,0.0004781461,"CALD1","DOWN"
"219","ENSG00000122862",60.68235,-1.934706,0.4591035,1.377076e-07,1.057866e-05,"SRGN","DOWN"
"220","ENSG00000122884",6928.959,-0.2791146,0.12613799,0.0008926144,0.01842639,"P4HA1","DOWN"
"221","ENSG00000123095",760.0495,-0.7903798,0.17463835,1.947495e-07,1.477889e-05,"BHLHE41","DOWN"
"222","ENSG00000123243",233.7832,-0.7744222,0.27710724,4.578994e-05,0.001586482,"ITIH5","DOWN"
"223","ENSG00000123609",1249.023,-0.3465886,0.17282862,0.0008151712,0.01707214,"NMI","DOWN"
"224","ENSG00000123610",1275.44,-2.186551,0.14550362,9.88311e-53,9.262451e-49,"TNFAIP6","DOWN"
"225","ENSG00000124098",1604.604,-0.3780097,0.15758467,0.000233367,0.006134966,"FAM210B","DOWN"
"226","ENSG00000124659",266.549,-0.7553091,0.24444874,2.189974e-05,0.00085697,"TBCC","DOWN"
"227","ENSG00000124762",4236.113,-0.5203617,0.17932814,3.432133e-05,0.001251593,"CDKN1A","DOWN"
"228","ENSG00000124785",57.32707,-0.7072925,0.56987638,0.001087934,0.02155628,"NRN1","DOWN"
"229","ENSG00000124813",1867.401,-0.5866139,0.14722031,8.3895e-07,5.330603e-05,"RUNX2","DOWN"
"230","ENSG00000125170",701.2971,-0.5062914,0.20420624,0.0001234299,0.003614952,"DOK4","DOWN"
"231","ENSG00000125246",113.9301,-1.011614,0.36891905,3.61829e-05,0.001316917,"CLYBL","DOWN"
"232","ENSG00000125755",1833.346,-0.2873707,0.12467795,0.0006494622,0.01435557,"SYMPK","DOWN"
"233","ENSG00000126217",1568.2,-0.6064348,0.15472407,1.1762e-06,7.158014e-05,"MCF2L","DOWN"
"234","ENSG00000126970",1017.466,-0.3183436,0.1867311,0.002047543,0.03468383,"ZC4H2","DOWN"
"235","ENSG00000127920",250.2854,-0.5011588,0.29475026,0.0009316156,0.01910526,"GNG11","DOWN"
"236","ENSG00000128228",1911.834,-0.4552897,0.14847899,2.090639e-05,0.000821529,"SDF2L1","DOWN"
"237","ENSG00000128394",1226.189,-0.4778888,0.16419428,3.405655e-05,0.001246789,"APOBEC3F","DOWN"
"238","ENSG00000128510",10124.82,-0.3708102,0.15913513,0.0002954443,0.007513986,"CPA4","DOWN"
"239","ENSG00000128512",652.791,-0.7880576,0.25991179,2.506545e-05,0.0009687151,"DOCK4","DOWN"
"240","ENSG00000128606",264.2147,-0.6652433,0.34226975,0.000369214,0.009070179,"LRRC17","DOWN"
"241","ENSG00000128710",36.15006,-1.018706,0.75688495,0.0003168177,0.007971048,"HOXD10","DOWN"
"242","ENSG00000128713",35.1262,-0.6820774,0.67821346,0.00130727,0.024776,"HOXD11","DOWN"
"243","ENSG00000128923",1206.215,-0.5329139,0.15780835,7.006715e-06,0.00032131,"MINDY2","DOWN"
"244","ENSG00000129255",838.985,-0.7021665,0.18118002,1.889578e-06,0.0001083127,"MPDU1","DOWN"
"245","ENSG00000129515",4527.809,-0.3035424,0.13905079,0.0007446053,0.01595072,"SNX6","DOWN"
"246","ENSG00000129625",2084.813,-0.397591,0.13099639,2.90557e-05,0.001098024,"REEP5","DOWN"
"247","ENSG00000130147",5893.797,-0.3572065,0.11805431,4.056434e-05,0.001442767,"SH3BP4","DOWN"
"248","ENSG00000130477",158.4812,-0.9235297,0.33267434,3.902026e-05,0.001403242,"UNC13A","DOWN"
"249","ENSG00000130766",629.4609,-0.3347327,0.21369906,0.002513006,0.04046716,"SESN2","DOWN"
"250","ENSG00000131016",9196.273,-0.2925112,0.1085962,0.0002190557,0.005848975,"AKAP12","DOWN"
"251","ENSG00000131018",8471.166,-0.836702,0.16086218,9.742086e-09,1.008871e-06,"SYNE1","DOWN"
"252","ENSG00000131080",1416.797,-0.3464843,0.14308457,0.000272461,0.006986332,"EDA2R","DOWN"
"253","ENSG00000131089",829.8997,-0.5698301,0.18379669,1.88427e-05,0.0007562904,"ARHGEF9","DOWN"
"254","ENSG00000131171",3912.553,-0.2942484,0.12264186,0.0004738836,0.01111699,"SH3BGRL","DOWN"
"255","ENSG00000131174",4083.401,-0.2907307,0.13176812,0.0007999376,0.01688517,"COX7B","DOWN"
"256","ENSG00000131269",1967.889,-0.3766945,0.13180988,5.950318e-05,0.001950563,"ABCB7","DOWN"
"257","ENSG00000131389",4320.096,-0.4262761,0.14825124,4.310187e-05,0.001512924,"SLC6A6","DOWN"
"258","ENSG00000131459",1085.55,-0.5560463,0.16872753,9.690221e-06,0.0004253712,"GFPT2","DOWN"
"259","ENSG00000132002",5297.124,-0.2203298,0.10729754,0.002611547,0.04155907,"DNAJB1","DOWN"
"260","ENSG00000132199",551.5739,-0.7372014,0.21129933,7.011086e-06,0.00032131,"ENOSF1","DOWN"
"261","ENSG00000132256",4695.18,-0.2457013,0.10684396,0.001070524,0.02130138,"TRIM5","DOWN"
"262","ENSG00000132274",1750.077,-0.7517261,0.1283329,2.848431e-10,3.897153e-08,"TRIM22","DOWN"
"263","ENSG00000132357",198.7611,-2.141651,0.27199938,4.953991e-17,2.32144e-14,"CARD6","DOWN"
"264","ENSG00000132639",616.3864,-0.721782,0.19151052,2.824451e-06,0.0001512615,"SNAP25","DOWN"
"265","ENSG00000132780",25569.73,-0.3296108,0.0969444,1.536193e-05,0.000631456,"NASP","DOWN"
"266","ENSG00000133056",943.8607,-0.2914682,0.18193602,0.003175337,0.04746292,"PIK3C2B","DOWN"
"267","ENSG00000133216",4952.216,-0.2703501,0.12848481,0.001274578,0.02432861,"EPHB2","DOWN"
"268","ENSG00000133393",2774.696,-0.2458299,0.11596599,0.001637379,0.02948392,"CEP20","DOWN"
"269","ENSG00000133710",299.6957,-0.5582083,0.27852134,0.0003983811,0.009622751,"SPINK5","DOWN"
"270","ENSG00000133884",2378.688,-0.5192524,0.1766907,3.049896e-05,0.001143345,"DPF2","DOWN"
"271","ENSG00000134146",376.0333,-1.052636,0.25485383,6.740139e-07,4.435882e-05,"DPH6","DOWN"
"272","ENSG00000134259",47.85797,-0.5011421,0.52445781,0.003295236,0.0488268,"NGF","DOWN"
"273","ENSG00000134343",377.432,-0.9039272,0.20448884,2.899271e-07,2.12281e-05,"ANO3","DOWN"
"274","ENSG00000134516",457.7984,-0.5798873,0.34044735,0.0007496778,0.01597805,"DOCK2","DOWN"
"275","ENSG00000134548",111.861,-1.287292,0.38801589,5.907633e-06,0.000279628,"SPX","DOWN"
"276","ENSG00000134853",1145.579,-1.04209,0.16821116,2.105864e-11,3.689002e-09,"PDGFRA","DOWN"
"277","ENSG00000134917",52.54083,-0.5813012,0.53533485,0.002075219,0.03494387,"ADAMTS8","DOWN"
"278","ENSG00000135390",5339.697,-0.3145732,0.14232685,0.0006266043,0.0139656,"ATP5MC2","DOWN"
"279","ENSG00000135414",5190.032,-0.2986972,0.16591543,0.001927609,0.03333127,"GDF11","DOWN"
"280","ENSG00000135424",1172.413,-0.3617788,0.19269863,0.001021307,0.0205401,"ITGA7","DOWN"
"281","ENSG00000135506",8832.17,-0.2440033,0.1122496,0.001476953,0.02714119,"OS9","DOWN"
"282","ENSG00000135678",1423.37,-1.105903,0.17529706,7.982998e-12,1.481518e-09,"CPM","DOWN"
"283","ENSG00000135750",1698.953,-1.393422,0.12482638,1.030726e-30,2.75999e-27,"KCNK1","DOWN"
"284","ENSG00000135919",5510.002,-0.2240055,0.11164685,0.002770376,0.04349073,"SERPINE2","DOWN"
"285","ENSG00000136003",1389.02,-0.6041991,0.15116313,8.631597e-07,5.4659e-05,"ISCU","DOWN"
"286","ENSG00000136010",419.9346,-0.585316,0.24118435,0.0001327677,0.00385829,"ALDH1L2","DOWN"
"287","ENSG00000136048",491.4888,-0.7975623,0.20771476,2.409723e-06,0.000132457,"DRAM1","DOWN"
"288","ENSG00000136152",968.8116,-0.4312179,0.19537315,0.0003135974,0.007921926,"COG3","DOWN"
"289","ENSG00000136193",17145.56,-0.4433463,0.10188397,1.154126e-07,9.089469e-06,"SCRN1","DOWN"
"290","ENSG00000136267",280.1045,-1.363463,0.2496702,7.625433e-10,9.657508e-08,"DGKB","DOWN"
"291","ENSG00000136531",502.7964,-0.5934042,0.21756325,5.848397e-05,0.001926579,"SCN2A","DOWN"
"292","ENSG00000136542",85.59412,-0.9246236,0.65413835,0.0004328594,0.01025729,"GALNT5","DOWN"
"293","ENSG00000136710",272.2513,-0.3644976,0.26674842,0.003320422,0.04904491,"CCDC115","DOWN"
"294","ENSG00000136869",2108.815,-0.6659712,0.13384414,1.796486e-08,1.692127e-06,"TLR4","DOWN"
"295","ENSG00000136942",7593.38,-0.2302875,0.10543204,0.001705923,0.03030883,"RPL35","DOWN"
"296","ENSG00000136960",184.3156,-0.987471,0.32093581,1.743879e-05,0.0007059884,"ENPP2","DOWN"
"297","ENSG00000136999",1843.331,-0.4078119,0.14433781,5.483841e-05,0.001822502,"CCN3","DOWN"
"298","ENSG00000137177",3424.051,-0.3695049,0.12468118,4.473373e-05,0.001560847,"KIF13A","DOWN"
"299","ENSG00000137285",2965.225,-0.2685269,0.12517026,0.001181276,0.02289411,"TUBB2B","DOWN"
"300","ENSG00000137309",10749.57,-0.3766394,0.13026484,5.350158e-05,0.001793978,"HMGA1","DOWN"
"301","ENSG00000137364",888.9471,-0.4364915,0.17971321,0.0001647885,0.004651801,"TPMT","DOWN"
"302","ENSG00000137474",226.8551,-0.574507,0.2885151,0.000398221,0.009622751,"MYO7A","DOWN"
"303","ENSG00000137558",281.0059,-1.374929,0.25752512,1.480259e-09,1.74503e-07,"PI15","DOWN"
"304","ENSG00000137642",870.7898,-0.7259501,0.1798354,1.12617e-06,6.875874e-05,"SORL1","DOWN"
"305","ENSG00000137691",195.4406,-0.4227717,0.33690402,0.003189536,0.04759925,"CFAP300","DOWN"
"306","ENSG00000137710",15691.6,-0.2446467,0.10601037,0.00106304,0.02119021,"RDX","DOWN"
"307","ENSG00000137745",90.0736,-0.4989615,0.46627322,0.003042512,0.04613984,"MMP13","DOWN"
"308","ENSG00000137760",1529.031,-0.4210762,0.1704383,0.0001538894,0.004390416,"ALKBH8","DOWN"
"309","ENSG00000137841",981.7019,-0.5879441,0.15270678,1.424345e-06,8.422056e-05,"PLCB2","DOWN"
"310","ENSG00000137872",54.52125,-0.464374,0.62911596,0.003340843,0.04926889,"SEMA6D","DOWN"
"311","ENSG00000137959",450.9255,-1.785825,0.25603302,6.759517e-14,1.89105e-11,"IFI44L","DOWN"
"312","ENSG00000137965",1070.619,-1.637345,0.16588164,1.420724e-24,1.479447e-21,"IFI44","DOWN"
"313","ENSG00000138119",2325.068,-0.4652752,0.17460478,7.565827e-05,0.0024118,"MYOF","DOWN"
"314","ENSG00000138185",16.46162,-0.4806891,0.7755292,0.00138929,0.02598887,"ENTPD1","DOWN"
"315","ENSG00000138326",34350.75,-0.301247,0.13948675,0.0008065119,0.01694607,"RPS24","DOWN"
"316","ENSG00000138385",8650.969,-0.2398948,0.11725812,0.002082853,0.03501435,"SSB","DOWN"
"317","ENSG00000138411",412.2332,-1.837719,0.23794988,2.87336e-16,1.224051e-13,"HECW2","DOWN"
"318","ENSG00000138413",7123.826,-0.204735,0.1009519,0.003366976,0.04957628,"IDH1","DOWN"
"319","ENSG00000138449",1421.565,-0.5526623,0.14378473,1.276767e-06,7.645918e-05,"SLC40A1","DOWN"
"320","ENSG00000138641",1584.6,-0.8018049,0.15224539,7.029701e-09,7.444334e-07,"HERC3","DOWN"
"321","ENSG00000138735",565.1483,-0.570064,0.27538813,0.0003326661,0.008291879,"PDE5A","DOWN"
"322","ENSG00000138738",396.4823,-0.9380758,0.24917765,2.802274e-06,0.0001505038,"PRDM5","DOWN"
"323","ENSG00000138759",2190.642,-0.2605507,0.13003178,0.001792344,0.03151566,"FRAS1","DOWN"
"324","ENSG00000138829",12916.95,-0.426284,0.10516868,4.767465e-07,3.321984e-05,"FBN2","DOWN"
"325","ENSG00000138964",1172.852,-0.6011782,0.15132135,9.361518e-07,5.849076e-05,"PARVG","DOWN"
"326","ENSG00000139112",1148.067,-0.8931232,0.14724437,8.075148e-11,1.250914e-08,"GABARAPL1","DOWN"
"327","ENSG00000139168",3308.15,-0.4643163,0.12628801,2.124478e-06,0.0001195833,"ZCRB1","DOWN"
"328","ENSG00000139209",132.1679,-1.058536,0.34594,1.616851e-05,0.0006631564,"SLC38A4","DOWN"
"329","ENSG00000139278",1011.47,-0.5767558,0.16926571,6.882963e-06,0.0003177691,"GLIPR1","DOWN"
"330","ENSG00000139329",60.85863,-2.071224,0.44424514,1.660716e-08,1.580125e-06,"LUM","DOWN"
"331","ENSG00000139508",157.1992,-0.7418047,0.39533653,0.0003562435,0.008797664,"SLC46A3","DOWN"
"332","ENSG00000139620",1186.863,-0.2574977,0.144283,0.002989852,0.04561784,"KANSL2","DOWN"
"333","ENSG00000139725",1096.715,-0.2597512,0.15113987,0.003351651,0.04938943,"RHOF","DOWN"
"334","ENSG00000139865",32.61199,-1.03047,0.73176254,0.000298403,0.007578952,"TTC6","DOWN"
"335","ENSG00000139921",8890.339,-0.2879537,0.11118185,0.0003071341,0.007779624,"TMX1","DOWN"
"336","ENSG00000139946",777.728,-0.7050256,0.16812687,5.981396e-07,4.047484e-05,"PELI2","DOWN"
"337","ENSG00000140090",59.26238,-0.509071,0.5705717,0.003158675,0.0473271,"SLC24A4","DOWN"
"338","ENSG00000140332",1647.682,-0.3423438,0.1675683,0.0007634992,0.01620728,"TLE3","DOWN"
"339","ENSG00000140416",16681.29,-0.294454,0.10729516,0.0001856104,0.005116297,"TPM1","DOWN"
"340","ENSG00000140443",15201.4,-0.2567264,0.13761007,0.002537319,0.04076516,"IGF1R","DOWN"
"341","ENSG00000140463",931.8118,-0.675562,0.18454681,3.704212e-06,0.0001912721,"BBS4","DOWN"
"342","ENSG00000140682",679.0712,-0.6492158,0.24088163,6.350378e-05,0.002070113,"TGFB1I1","DOWN"
"343","ENSG00000140835",94.73467,-1.272216,0.40886135,1.009637e-05,0.0004390865,"CHST4","DOWN"
"344","ENSG00000140945",2393.744,-0.3700701,0.15096429,0.0002112443,0.005697213,"CDH13","DOWN"
"345","ENSG00000141052",162.3345,-2.490185,0.29720617,8.018032e-20,5.182413e-17,"MYOCD","DOWN"
"346","ENSG00000141194",20.4709,-0.5500174,0.7196125,0.001805059,0.0316798,"OR4D1","DOWN"
"347","ENSG00000142089",1282.82,-0.4081272,0.1587426,0.0001205419,0.003548925,"IFITM3","DOWN"
"348","ENSG00000142864",20180.16,-0.3760058,0.11128318,1.016629e-05,0.0004402708,"SERBP1","DOWN"
"349","ENSG00000142910",494.8155,-0.9725873,0.17340456,8.78712e-10,1.098039e-07,"TINAGL1","DOWN"
"350","ENSG00000143067",1210.343,-0.2790831,0.13825267,0.001413715,0.02628836,"ZNF697","DOWN"
"351","ENSG00000143162",1191.913,-0.3073766,0.15230706,0.001074151,0.02135089,"CREG1","DOWN"
"352","ENSG00000143195",5178.453,-0.9514741,0.171959,1.423086e-09,1.688248e-07,"ILDR2","DOWN"
"353","ENSG00000143226",16.96402,-0.4083685,0.68530003,0.002550361,0.04089304,"FCGR2A","DOWN"
"354","ENSG00000143324",3591.922,-0.6537665,0.11251685,2.205209e-10,3.1553e-08,"XPR1","DOWN"
"355","ENSG00000143333",425.8958,-0.9816333,0.30068987,1.097291e-05,0.0004717345,"RGS16","DOWN"
"356","ENSG00000143341",684.0209,-1.020708,0.20258752,1.487451e-08,1.437154e-06,"HMCN1","DOWN"
"357","ENSG00000143416",74.22847,-0.5051057,0.46830114,0.0029306,0.04523557,"SELENBP1","DOWN"
"358","ENSG00000143452",207.1454,-1.407538,0.25129593,3.376881e-10,4.553688e-08,"HORMAD1","DOWN"
"359","ENSG00000143469",2278.223,-0.2496681,0.12794853,0.002284244,0.03777795,"SYT14","DOWN"
"360","ENSG00000143612",3717.406,-0.2273411,0.11055846,0.002376515,0.03880261,"C1orf43","DOWN"
"361","ENSG00000143643",163.2276,-0.6775557,0.33650373,0.0003103213,0.007849747,"TTC13","DOWN"
"362","ENSG00000143858",561.276,-0.9451221,0.1639464,4.000366e-10,5.317933e-08,"SYT2","DOWN"
"363","ENSG00000143951",1153.732,-0.5010347,0.16141892,1.764869e-05,0.0007115191,"WDPCP","DOWN"
"364","ENSG00000144229",375.0942,-0.4060485,0.24679902,0.001456671,0.02684744,"THSD7B","DOWN"
"365","ENSG00000144476",2711.699,-0.7401521,0.13159528,9.893618e-10,1.228119e-07,"ACKR3","DOWN"
"366","ENSG00000144744",2965.139,-0.4234536,0.12965893,1.136299e-05,0.0004862306,"UBA3","DOWN"
"367","ENSG00000144746",2183.687,-0.8671469,0.12844347,1.107084e-12,2.441315e-10,"ARL6IP5","DOWN"
"368","ENSG00000144821",369.8864,-1.204847,0.24724627,2.073115e-08,1.91421e-06,"MYH15","DOWN"
"369","ENSG00000144847",251.6526,-0.9412298,0.25096347,2.917022e-06,0.000155774,"IGSF11","DOWN"
"370","ENSG00000145191",1913.478,-0.6460839,0.13187931,2.276222e-08,2.071141e-06,"EIF2B5","DOWN"
"371","ENSG00000145335",628.7585,-0.7392332,0.1700579,3.629239e-07,2.586557e-05,"SNCA","DOWN"
"372","ENSG00000145416",159.1442,-1.516186,0.33482738,7.300167e-08,5.898031e-06,"MARCHF1","DOWN"
"373","ENSG00000145555",3273.428,-0.3656149,0.11654598,2.60025e-05,0.0009946751,"MYO10","DOWN"
"374","ENSG00000145592",15466.8,-0.4337686,0.1344099,1.256927e-05,0.0005318249,"RPL37","DOWN"
"375","ENSG00000145824",3843.163,-1.284066,0.17717069,7.430624e-15,2.360672e-12,"CXCL14","DOWN"
"376","ENSG00000145990",200.5804,-0.4074743,0.30392939,0.002870749,0.04447051,"GFOD1","DOWN"
"377","ENSG00000146054",129.0574,-0.4513249,0.36786886,0.002972072,0.04551349,"TRIM7","DOWN"
"378","ENSG00000146233",133.2155,-0.495193,0.39863164,0.002418329,0.0393141,"CYP39A1","DOWN"
"379","ENSG00000146776",328.3104,-0.8393094,0.23967646,6.779712e-06,0.0003137751,"ATXN7L1","DOWN"
"380","ENSG00000147041",1379.011,-1.033137,0.1625606,7.88582e-12,1.478118e-09,"SYTL5","DOWN"
"381","ENSG00000147162",5970.028,-0.2996166,0.1083889,0.0001651116,0.004653913,"OGT","DOWN"
"382","ENSG00000147180",3310.625,-0.3528023,0.12584275,8.513376e-05,0.002627984,"ZNF711","DOWN"
"383","ENSG00000147246",74.55847,-1.772201,0.41443407,1.561774e-07,1.189996e-05,"HTR2C","DOWN"
"384","ENSG00000147724",65.82884,-0.7515701,0.6424599,0.0009628986,0.01961801,"FAM135B","DOWN"
"385","ENSG00000148053",107.0332,-0.9286181,0.40213272,0.0001031892,0.003099646,"NTRK2","DOWN"
"386","ENSG00000148143",4483.194,-0.5984012,0.1132276,2.341481e-09,2.676141e-07,"ZNF462","DOWN"
"387","ENSG00000148175",1912.57,-0.2541096,0.13016389,0.002164539,0.03609619,"STOM","DOWN"
"388","ENSG00000148219",466.8938,-0.5348514,0.241473,0.0002445701,0.006360335,"ASTN2","DOWN"
"389","ENSG00000148303",19067.75,-0.3153813,0.09701979,3.045333e-05,0.001143345,"RPL7A","DOWN"
"390","ENSG00000148516",3264.238,-0.7576046,0.12045949,2.293648e-11,3.944234e-09,"ZEB1","DOWN"
"391","ENSG00000148541",607.476,-0.8924706,0.181217,3.426174e-08,3.029255e-06,"FAM13C","DOWN"
"392","ENSG00000148842",443.0364,-0.75164,0.19531463,2.260531e-06,0.0001246217,"CNNM2","DOWN"
"393","ENSG00000148943",6238.462,-0.2656804,0.11570041,0.0008490573,0.01764382,"LIN7C","DOWN"
"394","ENSG00000149485",14223.41,-0.3364459,0.10100768,1.802108e-05,0.0007248651,"FADS1","DOWN"
"395","ENSG00000149575",232.4278,-0.6616634,0.31628994,0.0002696763,0.006943424,"SCN2B","DOWN"
"396","ENSG00000150540",451.3903,-1.669403,0.21009527,4.460039e-17,2.143563e-14,"HNMT","DOWN"
"397","ENSG00000150961",2159.28,-0.2499804,0.12854086,0.002308838,0.0381294,"SEC24D","DOWN"
"398","ENSG00000151012",6575.948,-0.2401087,0.10955892,0.001485423,0.0272701,"SLC7A11","DOWN"
"399","ENSG00000151062",91.63816,-0.6412337,0.46325351,0.001135202,0.02230421,"CACNA2D4","DOWN"
"400","ENSG00000151079",424.223,-0.638179,0.20823937,2.265191e-05,0.0008845572,"KCNA6","DOWN"
"401","ENSG00000151150",1076.469,-0.8468915,0.14448622,2.928223e-10,3.977291e-08,"ANK3","DOWN"
"402","ENSG00000151445",1404.656,-0.2562824,0.13227271,0.0021805,0.03633004,"VIPAS39","DOWN"
"403","ENSG00000151468",2209.718,-0.3674249,0.12940134,6.75574e-05,0.002183269,"CCDC3","DOWN"
"404","ENSG00000151612",2539.467,-0.3456693,0.13331298,0.0001691533,0.004746421,"ZNF827","DOWN"
"405","ENSG00000151790",38.14972,-2.521962,0.63810443,2.823111e-08,2.544058e-06,"TDO2","DOWN"
"406","ENSG00000151882",77.11292,-0.8291853,0.50406239,0.0004295251,0.01023001,"CCL28","DOWN"
"407","ENSG00000152208",2389.609,-0.4245498,0.12814853,9.528092e-06,0.000419236,"GRID2","DOWN"
"408","ENSG00000152763",43.45699,-2.28561,0.60423603,1.424019e-07,1.089462e-05,"DNAI4","DOWN"
"409","ENSG00000152910",125.9522,-1.532307,0.36329914,2.543255e-07,1.876802e-05,"CNTNAP4","DOWN"
"410","ENSG00000153029",270.628,-0.5340927,0.26628719,0.000415903,0.009943476,"MR1","DOWN"
"411","ENSG00000153253",175.1685,-0.8551274,0.35373162,9.52942e-05,0.002894967,"SCN3A","DOWN"
"412","ENSG00000153283",179.1355,-1.492993,0.33818681,1.19752e-07,9.352634e-06,"CD96","DOWN"
"413","ENSG00000154122",1564.23,-0.3920185,0.14060734,6.720251e-05,0.002179315,"ANKH","DOWN"
"414","ENSG00000154188",50.10748,-1.885457,0.81888941,9.19221e-06,0.0004092608,"ANGPT1","DOWN"
"415","ENSG00000154229",17503.8,-0.4002488,0.11164034,3.871732e-06,0.0001993729,"PRKCA","DOWN"
"416","ENSG00000154319",110.6002,-0.7090804,0.41533866,0.0005317798,0.01213313,"FAM167A","DOWN"
"417","ENSG00000154330",220.3023,-0.7094549,0.30138485,0.0001387306,0.004006727,"PGM5","DOWN"
"418","ENSG00000154545",1351.782,-0.3846771,0.17454357,0.0003856693,0.009376116,"MAGED4","DOWN"
"419","ENSG00000154556",70.89107,-0.9409496,0.59875677,0.000347941,0.008616906,"SORBS2","DOWN"
"420","ENSG00000154760",455.1412,-0.3767925,0.25791294,0.002540211,0.04076516,"SLFN13","DOWN"
"421","ENSG00000155115",977.8381,-0.9196935,0.16833956,2.261827e-09,2.600962e-07,"GTF3C6","DOWN"
"422","ENSG00000155495",4192.355,-0.4912957,0.11665256,2.204983e-07,1.653208e-05,"MAGEC1","DOWN"
"423","ENSG00000155761",250.854,-1.025754,0.33297302,1.623732e-05,0.0006641437,"SPAG17","DOWN"
"424","ENSG00000155957",732.2236,-0.2946937,0.16587895,0.002106041,0.03534076,"TMBIM4","DOWN"
"425","ENSG00000155959",3838.908,-0.4422577,0.14315503,1.991813e-05,0.000790986,"VBP1","DOWN"
"426","ENSG00000155962",110.358,-1.170328,0.3885015,1.502738e-05,0.0006190621,"CLIC2","DOWN"
"427","ENSG00000156011",6394.745,-0.5848633,0.11919313,1.408131e-08,1.381885e-06,"PSD3","DOWN"
"428","ENSG00000156239",834.3251,-0.2795167,0.15784906,0.002454459,0.03975463,"N6AMT1","DOWN"
"429","ENSG00000156475",137.065,-1.212312,0.39094753,1.138792e-05,0.0004862306,"PPP2R2B","DOWN"
"430","ENSG00000157214",685.818,-1.019721,0.2045377,1.927952e-08,1.797887e-06,"STEAP2","DOWN"
"431","ENSG00000157227",2302.732,-0.5745068,0.15167551,1.718654e-06,9.973515e-05,"MMP14","DOWN"
"432","ENSG00000157350",1619.374,-0.4094458,0.20030823,0.000527607,0.01208032,"ST3GAL2","DOWN"
"433","ENSG00000157483",645.3376,-1.008807,0.17432135,2.814878e-10,3.879564e-08,"MYO1E","DOWN"
"434","ENSG00000157502",388.7701,-0.3325933,0.2216041,0.002949596,0.04528029,"PWWP3B","DOWN"
"435","ENSG00000157613",813.4738,-0.8062653,0.14615086,1.968368e-09,2.29162e-07,"CREB3L1","DOWN"
"436","ENSG00000158270",178.691,-0.8817634,0.41496552,0.000162285,0.004601921,"COLEC12","DOWN"
"437","ENSG00000158296",45.88341,-0.8549919,0.62616678,0.0005723645,0.01294137,"SLC13A3","DOWN"
"438","ENSG00000158301",1374.057,-0.730322,0.1260563,3.801626e-10,5.089834e-08,"GPRASP2","DOWN"
"439","ENSG00000158864",3220.543,-0.6245871,0.11045426,4.084902e-10,5.392071e-08,"NDUFS2","DOWN"
"440","ENSG00000158966",1195.403,-0.304631,0.15560187,0.001271085,0.02428666,"CACHD1","DOWN"
"441","ENSG00000159352",5652.822,-0.4305349,0.12230383,4.257774e-06,0.0002128206,"PSMD4","DOWN"
"442","ENSG00000159388",1753.609,-0.6509115,0.13096448,1.679801e-08,1.590212e-06,"BTG2","DOWN"
"443","ENSG00000160094",691.5827,-0.4363743,0.24129871,0.0008742177,0.01806652,"ZNF362","DOWN"
"444","ENSG00000160179",392.2066,-0.6358508,0.2454307,8.385797e-05,0.002600935,"ABCG1","DOWN"
"445","ENSG00000161513",1287.042,-0.3968409,0.18138093,0.0003792068,0.00924298,"FDXR","DOWN"
"446","ENSG00000161533",3970.28,-0.3313102,0.12827127,0.0001979172,0.005399941,"ACOX1","DOWN"
"447","ENSG00000161970",14996.65,-0.4290078,0.14488629,3.21567e-05,0.001191217,"RPL26","DOWN"
"448","ENSG00000162244",8838.083,-0.2309004,0.1126997,0.002312002,0.03814803,"RPL29","DOWN"
"449","ENSG00000162298",1356.415,-0.3946634,0.18210742,0.000405217,0.009725207,"SYVN1","DOWN"
"450","ENSG00000162407",379.6432,-0.620643,0.2226861,4.96364e-05,0.001691609,"PLPP3","DOWN"
"451","ENSG00000162490",502.3414,-0.7981869,0.20318698,1.795557e-06,0.0001033165,"DRAXIN","DOWN"
"452","ENSG00000162618",347.5501,-1.450924,0.22278173,1.215911e-12,2.560791e-10,"ADGRL4","DOWN"
"453","ENSG00000162645",110.5046,-1.365866,0.37520168,2.15275e-06,0.0001208118,"GBP2","DOWN"
"454","ENSG00000162706",2305.874,-0.9004909,0.1320028,6.156402e-13,1.442445e-10,"CADM3","DOWN"
"455","ENSG00000162733",2211.79,-1.113571,0.118241,1.246899e-22,1.062358e-19,"DDR2","DOWN"
"456","ENSG00000162836",464.5378,-0.8743541,0.2839431,2.043489e-05,0.0008063822,"ACP6","DOWN"
"457","ENSG00000163110",2392.735,-0.3540137,0.12507095,7.753706e-05,0.002440809,"PDLIM5","DOWN"
"458","ENSG00000163132",121.5441,-0.4659222,0.37178456,0.002669134,0.04232677,"MSX1","DOWN"
"459","ENSG00000163171",2971.66,-0.3566237,0.1271941,8.233543e-05,0.002559362,"CDC42EP3","DOWN"
"460","ENSG00000163297",611.7829,-0.4654636,0.24244228,0.0006045059,0.01353838,"ANTXR2","DOWN"
"461","ENSG00000163453",275.6926,-0.5882756,0.28991306,0.0003550399,0.008779508,"IGFBP7","DOWN"
"462","ENSG00000163565",4261.439,-0.3171261,0.1207659,0.0002016415,0.005485585,"IFI16","DOWN"
"463","ENSG00000163629",4035.832,-0.4358176,0.12653646,5.596646e-06,0.0002682955,"PTPN13","DOWN"
"464","ENSG00000163661",153.7036,-1.213617,0.29063412,4.236507e-07,2.985304e-05,"PTX3","DOWN"
"465","ENSG00000163913",1213.119,-0.4019581,0.17883645,0.0003144475,0.007932712,"IFT122","DOWN"
"466","ENSG00000164040",3554.563,-0.3450885,0.11619246,5.440235e-05,0.001814444,"PGRMC2","DOWN"
"467","ENSG00000164125",2005.119,-0.5778928,0.13533407,2.478339e-07,1.836126e-05,"GASK1B","DOWN"
"468","ENSG00000164171",1948.049,-0.3564062,0.17209379,0.0006465663,0.01430843,"ITGA2","DOWN"
"469","ENSG00000164220",5439.494,-0.271737,0.1115439,0.0005566569,0.01260142,"F2RL2","DOWN"
"470","ENSG00000164237",960.9627,-0.7636835,0.1615837,8.08534e-08,6.504361e-06,"CMBL","DOWN"
"471","ENSG00000164251",2181.009,-0.4486854,0.14054944,1.364942e-05,0.0005698101,"F2RL1","DOWN"
"472","ENSG00000164318",510.4347,-1.219355,0.16893356,1.044282e-14,3.208855e-12,"EGFLAM","DOWN"
"473","ENSG00000164342",269.6115,-0.8809946,0.37175731,0.0001002507,0.003035702,"TLR3","DOWN"
"474","ENSG00000164604",29.22566,-1.290683,0.78733499,0.0001061977,0.003174753,"GPR85","DOWN"
"475","ENSG00000164647",321.8354,-0.3718476,0.24601461,0.002320961,0.03819498,"STEAP1","DOWN"
"476","ENSG00000164659",1045.521,-1.28369,0.14976443,1.750165e-19,1.093503e-16,"ELAPOR2","DOWN"
"477","ENSG00000164687",4581.142,-0.3411551,0.14391274,0.0003269453,0.008192864,"FABP5","DOWN"
"478","ENSG00000164744",1238.32,-0.8228577,0.15159582,3.130799e-09,3.472408e-07,"SUN3","DOWN"
"479","ENSG00000164751",1893.214,-0.3036991,0.13727133,0.0006909334,0.01505913,"PEX2","DOWN"
"480","ENSG00000164761",1790.772,-0.496901,0.16857586,2.972843e-05,0.001121186,"TNFRSF11B","DOWN"
"481","ENSG00000164938",1794.574,-0.599145,0.15231952,1.081489e-06,6.668234e-05,"TP53INP1","DOWN"
"482","ENSG00000164978",484.5526,-0.7369308,0.20048818,3.913039e-06,0.0002003989,"NUDT2","DOWN"
"483","ENSG00000165006",2581.324,-0.2826396,0.12417478,0.0007349608,0.01579829,"UBAP1","DOWN"
"484","ENSG00000165055",1048.464,-0.3135712,0.17410545,0.001701306,0.03026264,"METTL2B","DOWN"
"485","ENSG00000165152",828.4728,-0.326188,0.17003906,0.001169433,0.022694,"PGAP4","DOWN"
"486","ENSG00000165424",1585.3,-0.5219837,0.14275549,2.42505e-06,0.0001329098,"ZCCHC24","DOWN"
"487","ENSG00000165655",874.5596,-0.419775,0.1792475,0.0002242106,0.005965075,"ZNF503","DOWN"
"488","ENSG00000165934",4344.425,-0.2673211,0.13919215,0.002001827,0.03423563,"CPSF2","DOWN"
"489","ENSG00000166106",327.2096,-0.7495306,0.25311361,3.074804e-05,0.00114809,"ADAMTS15","DOWN"
"490","ENSG00000166130",2717.314,-0.4850908,0.14842429,9.95071e-06,0.0004347695,"IKBIP","DOWN"
"491","ENSG00000166147",2642.273,-0.2719478,0.13068295,0.001321594,0.02494658,"FBN1","DOWN"
"492","ENSG00000166250",464.1088,-0.7106991,0.22032956,1.49756e-05,0.0006182879,"CLMP","DOWN"
"493","ENSG00000166265",494.2351,-0.8663848,0.17580631,3.481326e-08,3.063567e-06,"CYYR1","DOWN"
"494","ENSG00000166439",3744.486,-0.4155503,0.12097551,6.300905e-06,0.0002930624,"RNF169","DOWN"
"495","ENSG00000166501",26.17625,-2.781319,0.92161551,2.387872e-07,1.783198e-05,"PRKCB","DOWN"
"496","ENSG00000166503",7326.849,-0.2694136,0.14106943,0.002004322,0.03424705,"HDGFL3","DOWN"
"497","ENSG00000166750",1467.135,-0.4540294,0.22357785,0.0004693653,0.01104719,"SLFN5","DOWN"
"498","ENSG00000166848",1096.875,-0.7630107,0.14083047,3.103701e-09,3.462843e-07,"TERF2IP","DOWN"
"499","ENSG00000166922",84.9928,-1.829847,0.42561494,1.297421e-07,1.009081e-05,"SCG5","DOWN"
"500","ENSG00000167105",279.8534,-0.3860085,0.27725414,0.002830769,0.04410634,"TMEM92","DOWN"
"501","ENSG00000167123",804.2048,-0.3193585,0.18224888,0.001821965,0.0318275,"CERCAM","DOWN"
"502","ENSG00000167131",516.758,-0.4302268,0.21193261,0.0005066148,0.01172344,"CCDC103","DOWN"
"503","ENSG00000167196",4375.973,-0.247736,0.118362,0.001701708,0.03026264,"FBXO22","DOWN"
"504","ENSG00000167244",3545.237,-0.7528125,0.11001508,6.488887e-13,1.501577e-10,"IGF2","DOWN"
"505","ENSG00000167281",124.6688,-1.499912,0.38539474,8.338071e-07,5.315946e-05,"RBFOX3","DOWN"
"506","ENSG00000167380",795.2113,-0.487849,0.1759458,5.235084e-05,0.001761695,"ZNF226","DOWN"
"507","ENSG00000167755",1967.959,-0.8468323,0.12191459,3.085785e-13,7.816209e-11,"KLK6","DOWN"
"508","ENSG00000168016",817.6386,-1.236429,0.16747529,2.941691e-15,9.673518e-13,"TRANK1","DOWN"
"509","ENSG00000168056",283.5555,-0.3734218,0.2599781,0.002727009,0.04295383,"LTBP3","DOWN"
"510","ENSG00000168116",1128.712,-0.2777821,0.14978275,0.002076797,0.03494387,"KIAA1586","DOWN"
"511","ENSG00000168209",1001.015,-0.6371385,0.18119524,5.491697e-06,0.0002652999,"DDIT4","DOWN"
"512","ENSG00000168291",2781.795,-0.3335894,0.14852674,0.0004845463,0.01133875,"PDHB","DOWN"
"513","ENSG00000168394",596.92,-0.8654998,0.16211397,4.794024e-09,5.164321e-07,"TAP1","DOWN"
"514","ENSG00000168453",2165.432,-0.580109,0.17645701,1.039929e-05,0.0004491345,"HR","DOWN"
"515","ENSG00000168542",2732.716,-1.330708,0.12111827,7.153722e-30,1.489882e-26,"COL3A1","DOWN"
"516","ENSG00000168675",1844.178,-0.3473817,0.14582285,0.0003014622,0.007646289,"LDLRAD4","DOWN"
"517","ENSG00000168769",3693.298,-0.876339,0.11371107,1.057275e-15,3.885795e-13,"TET2","DOWN"
"518","ENSG00000168772",569.9005,-0.8887397,0.17388599,1.434463e-08,1.393138e-06,"CXXC4","DOWN"
"519","ENSG00000168824",486.0734,-0.708615,0.19339734,3.905266e-06,0.0002003989,"NSG1","DOWN"
"520","ENSG00000168874",117.3758,-0.5371688,0.40415959,0.00177822,0.03129667,"ATOH8","DOWN"
"521","ENSG00000169184",3373.764,-1.053569,0.15798813,9.119819e-13,2.035022e-10,"MN1","DOWN"
"522","ENSG00000169213",4172.85,-0.6412875,0.10573523,4.566946e-11,7.443725e-09,"RAB3B","DOWN"
"523","ENSG00000169252",448.8207,-0.7509937,0.19691869,2.535298e-06,0.0001381442,"ADRB2","DOWN"
"524","ENSG00000169299",1491.006,-0.4183013,0.1609381,0.0001060178,0.003174438,"PGM2","DOWN"
"525","ENSG00000169302",623.5432,-1.253261,0.16473566,5.095432e-16,1.989766e-13,"STK32A","DOWN"
"526","ENSG00000169306",20.59173,-0.6837789,0.78206575,0.001010445,0.02035235,"IL1RAPL1","DOWN"
"527","ENSG00000169429",66.33138,-0.5896794,0.57031127,0.002062806,0.03483354,"CXCL8","DOWN"
"528","ENSG00000169499",1425.815,-0.3061093,0.1624323,0.001489957,0.02729985,"PLEKHA2","DOWN"
"529","ENSG00000169570",1220.422,-0.5713716,0.16065442,4.013317e-06,0.0002033125,"DTWD2","DOWN"
"530","ENSG00000169599",1287.439,-0.6364555,0.14869218,3.236598e-07,2.351426e-05,"NFU1","DOWN"
"531","ENSG00000169689",1317.153,-0.2694113,0.14828217,0.002457396,0.03975463,"CENPX","DOWN"
"532","ENSG00000169764",14668.41,-0.3305139,0.10455221,3.420111e-05,0.001249641,"UGP2","DOWN"
"533","ENSG00000169851",426.6152,-0.8518394,0.20229719,6.688132e-07,4.429765e-05,"PCDH7","DOWN"
"534","ENSG00000169933",274.8607,-0.7017877,0.2821551,0.0001028132,0.003093307,"FRMPD4","DOWN"
"535","ENSG00000169946",223.5765,-0.8823556,0.31294197,3.770128e-05,0.001366872,"ZFPM2","DOWN"
"536","ENSG00000170004",12371.45,-0.2463894,0.11448515,0.001508988,0.02754087,"CHD3","DOWN"
"537","ENSG00000170006",355.6066,-0.673982,0.21704268,2.068695e-05,0.000814614,"TMEM154","DOWN"
"538","ENSG00000170161",180.4668,-1.65198,0.26285044,6.029749e-12,1.171688e-09,"FAM88B","DOWN"
"539","ENSG00000170234",819.2288,-0.3292668,0.18640049,0.001641696,0.02951637,"PWWP2A","DOWN"
"540","ENSG00000170265",244.7332,-0.578593,0.42355265,0.001443114,0.02667626,"ZNF282","DOWN"
"541","ENSG00000170290",67.06478,-1.527865,0.46551809,4.474031e-06,0.0002210658,"SLN","DOWN"
"542","ENSG00000170370",138.7876,-0.7486132,0.44786974,0.0005107903,0.01179095,"EMX2","DOWN"
"543","ENSG00000170522",1699.562,-0.4974571,0.2202212,0.0002310486,0.006099682,"ELOVL6","DOWN"
"544","ENSG00000170571",5471.009,-0.8268987,0.10788245,1.703485e-15,5.912985e-13,"EMB","DOWN"
"545","ENSG00000170579",75.3213,-0.7113371,0.58990628,0.001105866,0.02186536,"DLGAP1","DOWN"
"546","ENSG00000170703",48.17481,-0.5298621,0.53106491,0.002794532,0.04372347,"TTLL6","DOWN"
"547","ENSG00000170837",311.2565,-1.492087,0.21156277,3.033708e-14,8.884972e-12,"GPR27","DOWN"
"548","ENSG00000170873",98.71442,-0.9695688,0.48780492,0.0001714467,0.004796413,"MTSS1","DOWN"
"549","ENSG00000170899",1772.948,-0.8072794,0.13040539,4.373671e-11,7.191237e-09,"GSTA4","DOWN"
"550","ENSG00000170961",1149.28,-0.4451293,0.18678861,0.0001832619,0.005066462,"HAS2","DOWN"
"551","ENSG00000171202",756.2942,-0.5683421,0.18192215,1.742866e-05,0.0007059884,"TMEM126A","DOWN"
"552","ENSG00000171227",552.8441,-0.4298543,0.19962651,0.0003649472,0.008988922,"TMEM37","DOWN"
"553","ENSG00000171243",1190.703,-0.6190844,0.15745782,1.181104e-06,7.164598e-05,"SOSTDC1","DOWN"
"554","ENSG00000171303",35.67808,-1.19164,0.73514987,0.0001510315,0.004322037,"KCNK3","DOWN"
"555","ENSG00000171385",341.7768,-0.8969245,0.23912229,3.070947e-06,0.0001616905,"KCND3","DOWN"
"556","ENSG00000171444",4347.22,-0.2215022,0.10716435,0.002496005,0.04026258,"MCC","DOWN"
"557","ENSG00000171608",661.4338,-0.3322104,0.19334859,0.001801506,0.03164707,"PIK3CD","DOWN"
"558","ENSG00000171617",21694.3,-0.2882129,0.13656094,0.001035814,0.02078725,"ENC1","DOWN"
"559","ENSG00000171681",4901.313,-0.3960615,0.12576366,1.984069e-05,0.0007895837,"ATF7IP","DOWN"
"560","ENSG00000171724",2079.048,-0.4596486,0.13309476,5.112513e-06,0.0002482615,"VAT1L","DOWN"
"561","ENSG00000171772",485.3155,-0.6843732,0.19473058,6.075612e-06,0.0002854167,"SYCE1","DOWN"
"562","ENSG00000171860",63.49475,-0.8183412,0.5246995,0.0005048028,0.01170346,"C3AR1","DOWN"
"563","ENSG00000171862",3140.065,-0.2583932,0.12405332,0.001534846,0.02798555,"PTEN","DOWN"
"564","ENSG00000171928",1812.421,-0.3149327,0.17038488,0.001507365,0.02754087,"TVP23B","DOWN"
"565","ENSG00000171992",4483.622,-0.6500369,0.15135334,3.256064e-07,2.356435e-05,"SYNPO","DOWN"
"566","ENSG00000172020",58.00262,-0.8927484,0.57256561,0.0004072118,0.009760585,"GAP43","DOWN"
"567","ENSG00000172061",327.5405,-1.744995,0.22281084,1.192821e-16,5.323389e-14,"LRRC15","DOWN"
"568","ENSG00000172164",109.9498,-0.9220238,0.3823779,8.524404e-05,0.002627984,"SNTB1","DOWN"
"569","ENSG00000172296",798.7615,-1.168088,0.18593182,7.681646e-12,1.454392e-09,"SPTLC3","DOWN"
"570","ENSG00000172331",388.4898,-0.4938843,0.23207827,0.0003298858,0.008244506,"BPGM","DOWN"
"571","ENSG00000172340",2116.062,-0.4585762,0.13077747,4.179567e-06,0.0002100317,"SUCLG2","DOWN"
"572","ENSG00000172548",140.2812,-0.6957976,0.35536863,0.0003357413,0.008357418,"NIPAL4","DOWN"
"573","ENSG00000172667",3636.798,-0.3532262,0.11999289,5.476884e-05,0.001822502,"ZMAT3","DOWN"
"574","ENSG00000172915",809.132,-0.5606994,0.16575251,7.23797e-06,0.0003292925,"NBEA","DOWN"
"575","ENSG00000173193",4395.61,-0.5120228,0.13564378,1.48723e-06,8.766241e-05,"PARP14","DOWN"
"576","ENSG00000173210",1593.476,-0.7452138,0.14586029,1.361918e-08,1.350677e-06,"ABLIM3","DOWN"
"577","ENSG00000173349",358.8447,-0.3962094,0.23150294,0.001294952,0.02464221,"SFT2D3","DOWN"
"578","ENSG00000173567",17.79976,-0.7689572,1.1773162,0.000218617,0.005848975,"ADGRF3","DOWN"
"579","ENSG00000173598",3401.121,-0.2214653,0.10881343,0.002681941,0.04245803,"NUDT4","DOWN"
"580","ENSG00000173705",1113.108,-0.3049041,0.15704135,0.001317406,0.0248926,"SUSD5","DOWN"
"581","ENSG00000173706",7054.903,-0.457943,0.11561571,6.541514e-07,4.348019e-05,"HEG1","DOWN"
"582","ENSG00000173930",489.7428,-0.501537,0.23086499,0.0002891145,0.00737301,"SLCO4C1","DOWN"
"583","ENSG00000174130",1573.419,-0.414805,0.15338804,7.787866e-05,0.002440809,"TLR6","DOWN"
"584","ENSG00000174307",839.1104,-0.3210512,0.1835745,0.001813731,0.03171415,"PHLDA3","DOWN"
"585","ENSG00000174600",102.9057,-0.6833878,0.43311346,0.000720819,0.01558366,"CMKLR1","DOWN"
"586","ENSG00000174705",4160.572,-0.3008249,0.13603945,0.0007127793,0.01546351,"SH3PXD2B","DOWN"
"587","ENSG00000174749",444.1664,-0.41727,0.21427907,0.0006585262,0.0145046,"FAM241A","DOWN"
"588","ENSG00000174842",597.7686,-0.6253282,0.19218872,1.255402e-05,0.0005318249,"GLMN","DOWN"
"589","ENSG00000175093",222.1691,-0.5057708,0.36013069,0.001729164,0.03057684,"SPSB4","DOWN"
"590","ENSG00000175575",791.8764,-0.5244993,0.20417536,9.376991e-05,0.002862578,"PAAF1","DOWN"
"591","ENSG00000175899",892.2006,-0.3531849,0.23632998,0.002656314,0.04215915,"A2M","DOWN"
"592","ENSG00000176049",2764.811,-0.5304146,0.14888964,3.536324e-06,0.0001841246,"JAKMIP2","DOWN"
"593","ENSG00000176399",724.5016,-0.5722438,0.17272065,9.404572e-06,0.000415753,"DMRTA1","DOWN"
"594","ENSG00000176406",622.3313,-0.4968356,0.1889963,8.056822e-05,0.002512763,"RIMS2","DOWN"
"595","ENSG00000176623",3385.426,-0.2477654,0.1366946,0.00314567,0.0472023,"RMDN1","DOWN"
"596","ENSG00000177181",73.5848,-0.5428131,0.47627353,0.002314839,0.03816124,"RIMKLA","DOWN"
"597","ENSG00000177200",5990.605,-0.5233699,0.12776971,4.038037e-07,2.856187e-05,"CHD9","DOWN"
"598","ENSG00000177283",132.1039,-0.9239854,0.40554556,0.0001106396,0.003281375,"FZD8","DOWN"
"599","ENSG00000177409",627.3777,-0.4400745,0.18737394,0.0002052249,0.005566596,"SAMD9L","DOWN"
"600","ENSG00000177508",335.1006,-0.5869198,0.34607708,0.0007475866,0.01597805,"IRX3","DOWN"
"601","ENSG00000177675",188.0742,-0.8144655,0.41024534,0.0002449937,0.006360335,"CD163L1","DOWN"
"602","ENSG00000178033",307.9386,-0.9268625,0.20809495,2.458922e-07,1.828969e-05,"CALHM5","DOWN"
"603","ENSG00000178127",2576.371,-0.2920495,0.14067364,0.001081481,0.02145109,"NDUFV2","DOWN"
"604","ENSG00000178425",815.5709,-0.7201448,0.20202177,5.456485e-06,0.00026428,"NT5DC1","DOWN"
"605","ENSG00000178573",2461.877,-0.8659087,0.113338,1.836557e-15,6.258987e-13,"MAF","DOWN"
"606","ENSG00000178662",484.7553,-1.280131,0.21201175,2.794719e-11,4.719298e-09,"CSRNP3","DOWN"
"607","ENSG00000178685",172.0672,-0.7856407,0.34794804,0.0001508843,0.004322037,"PARP10","DOWN"
"608","ENSG00000178764",1153.82,-0.7974626,0.14171767,1.089185e-09,1.325694e-07,"ZHX2","DOWN"
"609","ENSG00000178776",130.9122,-1.890151,0.31005359,1.844964e-11,3.262454e-09,"C5orf46","DOWN"
"610","ENSG00000179083",340.7385,-0.412715,0.26890355,0.001835199,0.03202883,"FAM133A","DOWN"
"611","ENSG00000179603",136.7216,-0.6210614,0.51034436,0.001543126,0.02809727,"GRM8","DOWN"
"612","ENSG00000179750",1375.579,-1.21969,0.13294182,8.617974e-22,7.023274e-19,"APOBEC3B","DOWN"
"613","ENSG00000179772",82.61715,-0.8309407,0.50326197,0.000423361,0.01009603,"FOXS1","DOWN"
"614","ENSG00000179869",1168.754,-0.7740278,0.13782976,1.125907e-09,1.352821e-07,"ABCA13","DOWN"
"615","ENSG00000180229",269.8715,-0.4337338,0.26569864,0.001350371,0.02533669,NA,"DOWN"
"616","ENSG00000180537",517.2612,-0.6800246,0.24149203,4.588643e-05,0.001586892,"RNF182","DOWN"
"617","ENSG00000180758",132.1432,-1.701012,0.33127144,3.998401e-09,4.382808e-07,"GPR157","DOWN"
"618","ENSG00000180818",544.6664,-0.2979258,0.18303373,0.002847962,0.04422718,"HOXC10","DOWN"
"619","ENSG00000181104",4398.873,-0.3972525,0.11466329,6.279104e-06,0.000292775,"F2R","DOWN"
"620","ENSG00000181433",824.3138,-0.7163648,0.15641035,1.322841e-07,1.020384e-05,"SAGE1","DOWN"
"621","ENSG00000181450",1798.098,-0.4295408,0.14319613,2.818403e-05,0.001069396,"ZNF678","DOWN"
"622","ENSG00000181458",3536.047,-0.2829418,0.12287717,0.0006858259,0.01498592,"TMEM45A","DOWN"
"623","ENSG00000181690",819.4263,-0.8226717,0.21843002,3.060701e-06,0.000161605,"PLAG1","DOWN"
"624","ENSG00000182158",2754.969,-0.2408178,0.11343926,0.001728374,0.03057684,"CREB3L2","DOWN"
"625","ENSG00000182378",2158.54,-0.2929472,0.1664724,0.002220686,0.03690118,"PLCXD1","DOWN"
"626","ENSG00000182463",1161.21,-0.76571,0.15525416,3.265995e-08,2.901318e-06,"TSHZ2","DOWN"
"627","ENSG00000182545",81.33663,-1.332126,0.43748967,1.071615e-05,0.0004617553,"RNASE10","DOWN"
"628","ENSG00000182985",2709.038,-0.4809262,0.12510874,1.068837e-06,6.611973e-05,"CADM1","DOWN"
"629","ENSG00000183044",1506.912,-0.3201003,0.15279886,0.0007968899,0.0168398,"ABAT","DOWN"
"630","ENSG00000183336",356.3896,-0.7842057,0.2154232,4.524586e-06,0.0002225954,"BOLA2","DOWN"
"631","ENSG00000183337",3731.255,-0.2409627,0.11353501,0.001727356,0.03057684,"BCOR","DOWN"
"632","ENSG00000183454",89.32486,-0.4623294,0.40523556,0.003266261,0.04851251,"GRIN2A","DOWN"
"633","ENSG00000183696",896.4771,-0.4296365,0.18547482,0.0002325498,0.006130679,"UPP1","DOWN"
"634","ENSG00000184500",701.5314,-1.007866,0.15686736,5.592133e-12,1.103357e-09,"PROS1","DOWN"
"635","ENSG00000184564",414.3576,-2.052496,0.19078652,1.494774e-28,2.801805e-25,"SLITRK6","DOWN"
"636","ENSG00000184588",725.3156,-0.7645208,0.19481741,1.774887e-06,0.0001026805,"PDE4B","DOWN"
"637","ENSG00000184677",3436.29,-0.3066972,0.11269571,0.0001721558,0.004809075,"ZBTB40","DOWN"
"638","ENSG00000184785",263.9672,-0.410977,0.2799982,0.00215025,0.03592182,"SMIM10","DOWN"
"639","ENSG00000184840",3702.702,-0.2905253,0.11856424,0.0004322803,0.01025653,"TMED9","DOWN"
"640","ENSG00000184845",1803.999,-0.3064893,0.15412132,0.001161929,0.02268665,"DRD1","DOWN"
"641","ENSG00000184867",3571.749,-0.454911,0.11581811,7.569706e-07,4.859129e-05,"ARMCX2","DOWN"
"642","ENSG00000184898",560.1572,-0.4237532,0.22938534,0.0008292458,0.01730889,"RBM43","DOWN"
"643","ENSG00000184983",3105.769,-0.2773371,0.14751738,0.001971393,0.03392379,"NDUFA6","DOWN"
"644","ENSG00000184985",108.0291,-0.705063,0.60692186,0.001169569,0.022694,"SORCS2","DOWN"
"645","ENSG00000185088",7432.64,-0.7889791,0.11678955,1.208449e-12,2.560791e-10,"RPS27L","DOWN"
"646","ENSG00000185215",198.265,-0.9381219,0.31337617,2.303773e-05,0.0008977529,"TNFAIP2","DOWN"
"647","ENSG00000185432",118.873,-2.069277,0.31185948,4.470955e-13,1.088358e-10,"TMT1A","DOWN"
"648","ENSG00000185985",211.9612,-0.9895278,0.27277304,3.949392e-06,0.0002017095,"SLITRK2","DOWN"
"649","ENSG00000186310",1145.45,-0.5168752,0.16645339,1.765132e-05,0.0007115191,"NAP1L3","DOWN"
"650","ENSG00000186462",1418.005,-1.219583,0.14835171,3.91031e-18,2.221056e-15,"NAP1L2","DOWN"
"651","ENSG00000186469",640.9409,-0.551048,0.20630415,6.891288e-05,0.002223241,"GNG2","DOWN"
"652","ENSG00000186470",473.3215,-0.7123493,0.27353503,7.687927e-05,0.002439631,"BTN3A2","DOWN"
"653","ENSG00000186501",539.501,-0.4094779,0.2178592,0.0008073431,0.01694607,"TMEM222","DOWN"
"654","ENSG00000187098",691.3063,-0.4908513,0.18342039,7.031251e-05,0.002256743,"MITF","DOWN"
"655","ENSG00000187323",38.60833,-0.7148682,0.63434879,0.001140438,0.02237287,"DCC","DOWN"
"656","ENSG00000187325",3717.869,-0.2339904,0.11487871,0.002285542,0.03777795,"TAF9B","DOWN"
"657","ENSG00000187535",1304.5,-0.275662,0.14534766,0.001932915,0.03337532,"IFT140","DOWN"
"658","ENSG00000187546",34.72044,-0.6332723,0.62721992,0.001677494,0.02997421,"AGMO","DOWN"
"659","ENSG00000187690",677.2556,-0.5074024,0.21022394,0.0001484529,0.004267793,"EZHIP","DOWN"
"660","ENSG00000187772",921.7943,-0.4029764,0.19340391,0.0004882645,0.01141151,"LIN28B","DOWN"
"661","ENSG00000188554",5432.009,-0.4463239,0.12161266,2.244369e-06,0.0001246217,"NBR1","DOWN"
"662","ENSG00000188611",273.8704,-0.4137408,0.29667438,0.00249444,0.04026258,"ASAH2","DOWN"
"663","ENSG00000188906",412.2718,-0.6320273,0.22916442,5.381298e-05,0.001801197,"LRRK2","DOWN"
"664","ENSG00000189184",1817.034,-0.7348754,0.1400024,6.693671e-09,7.128759e-07,"PCDH18","DOWN"
"665","ENSG00000189369",1039.288,-0.3836683,0.15508971,0.0001821153,0.0050422,"GSPT2","DOWN"
"666","ENSG00000196072",935.0227,-0.408354,0.16019043,0.0001285431,0.003741322,"BLOC1S2","DOWN"
"667","ENSG00000196353",102.1207,-1.673591,0.47706547,1.979747e-06,0.0001121099,"CPNE4","DOWN"
"668","ENSG00000196358",289.278,-0.3743507,0.26756197,0.002946485,0.04526961,"NTNG2","DOWN"
"669","ENSG00000196531",12577.31,-0.281414,0.11550839,0.0004970942,0.01157458,"NACA","DOWN"
"670","ENSG00000196678",1456.702,-0.5574107,0.1542579,3.13191e-06,0.0001644385,"ERI2","DOWN"
"671","ENSG00000196683",3073.476,-0.3029706,0.13413564,0.0006195757,0.01382539,"TOMM7","DOWN"
"672","ENSG00000196782",336.6636,-0.6501383,0.29622434,0.0002178932,0.005842903,"MAML3","DOWN"
"673","ENSG00000196911",622.7833,-0.4217834,0.23628504,0.0009755982,0.01979071,"KPNA5","DOWN"
"674","ENSG00000196954",1249.367,-0.6943509,0.1700337,8.752877e-07,5.505501e-05,"CASP4","DOWN"
"675","ENSG00000197043",6569.728,-0.2647272,0.10527823,0.000494106,0.01151931,"ANXA6","DOWN"
"676","ENSG00000197249",3341.702,-0.2418615,0.1260239,0.002688033,0.04251855,"SERPINA1","DOWN"
"677","ENSG00000197852",947.618,-0.4002189,0.17378147,0.0002717365,0.006986332,"INKA2","DOWN"
"678","ENSG00000197892",1026.397,-0.3255584,0.15891506,0.0008545077,0.01773742,"KIF13B","DOWN"
"679","ENSG00000197956",1260.102,-0.6389435,0.15419583,5.661521e-07,3.858893e-05,"S100A6","DOWN"
"680","ENSG00000197959",329.3497,-0.6523944,0.24578081,7.056727e-05,0.002261048,"DNM3","DOWN"
"681","ENSG00000198015",2092.495,-0.3045565,0.15731049,0.00133877,0.02521772,"MRPL42","DOWN"
"682","ENSG00000198056",4287.663,-0.2320383,0.11741593,0.002677881,0.04242959,"PRIM1","DOWN"
"683","ENSG00000198157",3148.915,-0.7938086,0.1378337,5.287306e-10,6.834846e-08,"HMGN5","DOWN"
"684","ENSG00000198399",3589.674,-0.393994,0.13984994,6.05669e-05,0.001981267,"ITSN2","DOWN"
"685","ENSG00000198467",9523.4,-0.2149533,0.10774086,0.003184552,0.04756274,"TPM2","DOWN"
"686","ENSG00000198586",5644.337,-0.3555126,0.10946082,1.956442e-05,0.0007802458,"TLK1","DOWN"
"687","ENSG00000198722",1586.331,-0.6705916,0.12462887,2.514563e-09,2.856543e-07,"UNC13B","DOWN"
"688","ENSG00000198730",4269.199,-0.4045386,0.14409677,5.903314e-05,0.001941258,"CTR9","DOWN"
"689","ENSG00000198843",2571.721,-0.3447991,0.13934357,0.0002384237,0.006224255,"SELENOT","DOWN"
"690","ENSG00000198874",1222.616,-0.2581846,0.14524856,0.003012528,0.04585289,"TYW1","DOWN"
"691","ENSG00000198890",1376.3,-0.3135705,0.14312181,0.0006639443,0.01460677,"PRMT6","DOWN"
"692","ENSG00000203666",267.2491,-0.9201568,0.36353304,6.679464e-05,0.002169842,"EFCAB2","DOWN"
"693","ENSG00000203867",132.8376,-0.7271603,0.35919705,0.0002741495,0.007020025,"RBM20","DOWN"
"694","ENSG00000203930",9601.86,-0.794486,0.11748395,1.153666e-12,2.485553e-10,"LINC00632","DOWN"
"695","ENSG00000203999",649.7803,-0.4833929,0.19401019,0.0001230216,0.003608632,"LINC01270","DOWN"
"696","ENSG00000204262",7056.485,-0.9565458,0.12263235,3.565204e-16,1.452743e-13,"COL5A2","DOWN"
"697","ENSG00000204272",1230.673,-0.3719402,0.14855221,0.0001795623,0.004983858,"NBDY","DOWN"
"698","ENSG00000204442",582.1153,-0.6269516,0.17959978,5.838519e-06,0.0002777594,"NALF1","DOWN"
"699","ENSG00000204767",84.04468,-0.8578961,0.55254809,0.0004548168,0.01072338,"INSYN2B","DOWN"
"700","ENSG00000204802",270.9854,-2.183529,0.22138727,9.521729e-25,1.049855e-21,"FAM88C","DOWN"
"701","ENSG00000204970",61.6897,-0.4985909,0.50873501,0.003298552,0.04883734,"PCDHA1","DOWN"
"702","ENSG00000205213",2549.036,-0.3029702,0.13456235,0.0006308731,0.01402738,"LGR4","DOWN"
"703","ENSG00000205352",1354.938,-0.3887902,0.14653769,0.0001039177,0.003116534,"PRR13","DOWN"
"704","ENSG00000205363",158.1695,-1.990998,0.40504244,7.292889e-09,7.679658e-07,"INSYN1","DOWN"
"705","ENSG00000205413",2522.859,-0.2682963,0.14312743,0.002192566,0.03649862,"SAMD9","DOWN"
"706","ENSG00000205426",5591.138,-0.3719041,0.16520834,0.0003645146,0.008988922,"KRT81","DOWN"
"707","ENSG00000205628",626.3171,-1.342278,0.16234052,2.235395e-18,1.309383e-15,"LINC01446","DOWN"
"708","ENSG00000205978",1659.449,-0.4266371,0.18205555,0.0002176607,0.005842903,"NYNRIN","DOWN"
"709","ENSG00000206538",1124.656,-0.9689108,0.15263383,1.079927e-11,1.946361e-09,"VGLL3","DOWN"
"710","ENSG00000212694",299.9949,-0.4041464,0.26360776,0.001908215,0.03308749,"LINC01089","DOWN"
"711","ENSG00000212978",639.5014,-0.3738466,0.18589031,0.0006805901,0.01492045,"C2orf74-DT","DOWN"
"712","ENSG00000213190",3102.843,-0.803494,0.12345656,6.063473e-12,1.171688e-09,"MLLT11","DOWN"
"713","ENSG00000213232",206.6607,-0.4018481,0.29123627,0.002708694,0.04270122,NA,"DOWN"
"714","ENSG00000213390",631.7902,-1.152229,0.17513063,1.144498e-12,2.485553e-10,"ARHGAP19","DOWN"
"715","ENSG00000213424",118.2796,-1.402055,0.34522326,5.127225e-07,3.546299e-05,"KRT222","DOWN"
"716","ENSG00000213626",5085.015,-0.7058079,0.1527595,1.0737e-07,8.491743e-06,"LBH","DOWN"
"717","ENSG00000213762",1278.874,-0.304056,0.15085138,0.001113656,0.02194991,"ZNF134","DOWN"
"718","ENSG00000214338",279.7741,-1.029078,0.24736429,6.321892e-07,4.232055e-05,"MTCL3","DOWN"
"719","ENSG00000214425",554.4086,-0.7448109,0.19366156,2.259112e-06,0.0001246217,NA,"DOWN"
"720","ENSG00000214941",286.987,-0.3785513,0.24456534,0.002067238,0.03487696,"ZSWIM7","DOWN"
"721","ENSG00000215386",248.6785,-0.5506435,0.28851601,0.0005077854,0.01173604,"MIR99AHG","DOWN"
"722","ENSG00000215808",643.3434,-0.3328629,0.20745334,0.002331706,0.03830455,"LINC01139","DOWN"
"723","ENSG00000221955",214.0415,-0.8708855,0.32320873,5.096709e-05,0.001724417,"SLC12A8","DOWN"
"724","ENSG00000221963",294.7176,-0.8288132,0.23473217,6.263664e-06,0.000292775,"APOL6","DOWN"
"725","ENSG00000222014",32.74766,-1.292402,0.72594862,9.626158e-05,0.002919623,"RAB6C","DOWN"
"726","ENSG00000223638",1828.152,-0.9922547,0.12952659,8.915221e-16,3.342138e-13,"RFPL4A","DOWN"
"727","ENSG00000225087",68.16247,-0.5286701,0.4751735,0.002539447,0.04076516,"LOC105378798","DOWN"
"728","ENSG00000225914",282.21,-0.4495634,0.26900759,0.001166631,0.022694,"HCG23","DOWN"
"729","ENSG00000226007",201.4897,-1.469245,0.26898189,7.275828e-10,9.277423e-08,NA,"DOWN"
"730","ENSG00000226383",137.3562,-0.8733076,0.34890832,7.705194e-05,0.002439631,"LINC01876","DOWN"
"731","ENSG00000227486",128.5804,-0.4969178,0.43191116,0.002770179,0.04349073,NA,"DOWN"
"732","ENSG00000227946",66.28617,-0.6071176,0.51463774,0.001701189,0.03026264,NA,"DOWN"
"733","ENSG00000228061",31.50619,-0.8510442,0.76684999,0.0006080481,0.01358433,NA,"DOWN"
"734","ENSG00000228223",920.5866,-0.3755811,0.15988831,0.0002722962,0.006986332,"HCG11","DOWN"
"735","ENSG00000228506",179.9598,-0.4146469,0.30993574,0.002800038,0.04377307,NA,"DOWN"
"736","ENSG00000228526",308.2906,-0.6700273,0.26210254,8.956996e-05,0.002747789,"MIR34AHG","DOWN"
"737","ENSG00000228630",302.0968,-0.5053361,0.26094882,0.0005244719,0.01203268,"HOTAIR","DOWN"
"738","ENSG00000229221",56.44715,-1.288887,0.55780972,4.871e-05,0.001672198,NA,"DOWN"
"739","ENSG00000229292",393.2792,-1.390047,0.20822557,4.032765e-13,9.946071e-11,"RFPL4AL1","DOWN"
"740","ENSG00000229656",306.396,-0.6461674,0.24646262,7.699998e-05,0.002439631,"ITGB1-DT","DOWN"
"741","ENSG00000229847",139.3887,-1.169483,0.33241578,4.067007e-06,0.0002049247,"EMX2OS","DOWN"
"742","ENSG00000229951",40.70095,-1.832766,0.62756301,4.579646e-06,0.0002241277,"FOSL2-AS1","DOWN"
"743","ENSG00000231365",1091.137,-0.3963585,0.16872276,0.0002430952,0.006337381,"WARS2-AS1","DOWN"
"744","ENSG00000231500",8944.598,-0.6446898,0.12749191,1.063702e-08,1.077732e-06,"RPS18","DOWN"
"745","ENSG00000232023",73.41113,-1.171853,0.46475626,4.248579e-05,0.001496905,"LINC01807","DOWN"
"746","ENSG00000232774",13529.26,-0.7830662,0.10171284,1.395534e-15,5.030363e-13,"LINC03033","DOWN"
"747","ENSG00000234068",2027.823,-0.8905956,0.13744957,6.1931e-12,1.184525e-09,"PAGE2","DOWN"
"748","ENSG00000234147",51.89783,-1.121252,0.65582447,0.000174267,0.004852021,NA,"DOWN"
"749","ENSG00000234745",2364.18,-0.6684719,0.12487423,2.856033e-09,3.205597e-07,"HLA-B","DOWN"
"750","ENSG00000235531",355.5866,-1.538918,0.27703798,4.366174e-10,5.723047e-08,"MSC-AS1","DOWN"
"751","ENSG00000236532",69.96193,-0.9641045,0.52610702,0.0002246768,0.005965075,"LINC01695","DOWN"
"752","ENSG00000236824",3616.032,-0.5857022,0.15879268,2.592344e-06,0.0001408432,"BCYRN1","DOWN"
"753","ENSG00000237357",106.478,-1.419736,0.41845893,4.010873e-06,0.0002033125,NA,"DOWN"
"754","ENSG00000237961",56.00355,-0.6152408,0.52914246,0.001677477,0.02997421,NA,"DOWN"
"755","ENSG00000238269",776.2757,-1.59317,0.17476747,1.744245e-21,1.362255e-18,"PAGE2B","DOWN"
"756","ENSG00000239642",16.34431,-0.5481773,0.8477781,0.0008987605,0.01853286,"MEIKIN","DOWN"
"757","ENSG00000240065",189.7037,-0.5725972,0.32133968,0.0006443667,0.01427661,"PSMB9","DOWN"
"758","ENSG00000240086",91.64323,-0.9845886,0.44266422,0.0001083928,0.003230072,"LOC102724019","DOWN"
"759","ENSG00000240891",1869.778,-0.3587646,0.14703515,0.0002358156,0.006183371,"PLCXD2","DOWN"
"760","ENSG00000242242",863.5773,-0.8356521,0.14211494,2.66526e-10,3.728182e-08,NA,"DOWN"
"761","ENSG00000242808",220.5198,-0.4019419,0.30544954,0.00309605,0.04664981,"SOX2-OT","DOWN"
"762","ENSG00000244509",2504.919,-0.6099491,0.12384565,1.561571e-08,1.50103e-06,"APOBEC3C","DOWN"
"763","ENSG00000244694",731.2638,-0.4087104,0.18884414,0.0003836779,0.009339816,"PTCHD4","DOWN"
"764","ENSG00000245648",922.626,-0.4530045,0.21075357,0.0003433889,0.008525142,"KLRK1-AS1","DOWN"
"765","ENSG00000247199",500.5782,-0.9688979,0.18223287,4.256909e-09,4.63904e-07,"FBXO38-DT","DOWN"
"766","ENSG00000248323",622.3063,-0.733348,0.17272896,5.28831e-07,3.617667e-05,"LUCAT1","DOWN"
"767","ENSG00000248583",311.3706,-0.8589742,0.21347389,1.294533e-06,7.717828e-05,NA,"DOWN"
"768","ENSG00000250337",5770.437,-0.476733,0.15310897,1.722745e-05,0.0007004585,"PURPL","DOWN"
"769","ENSG00000251138",18.10961,-0.6493984,0.79593638,0.001035182,0.02078725,"LINC02882","DOWN"
"770","ENSG00000251363",160.6493,-0.7785142,0.32258657,0.0001095467,0.00325411,NA,"DOWN"
"771","ENSG00000251381",3107.348,-0.2771188,0.1143786,0.0005408182,0.01228739,"LINC00958","DOWN"
"772","ENSG00000251432",328.6649,-0.6964526,0.24987864,4.922111e-05,0.001680511,"LINC02615","DOWN"
"773","ENSG00000252699",16.73271,-5.964995,1.75935017,4.621777e-08,3.937754e-06,"SNORA21B","DOWN"
"774","ENSG00000254319",469.3774,-0.3414413,0.20021239,0.00174877,0.0308653,"LINC03021","DOWN"
"775","ENSG00000254585",164.2926,-0.5726455,0.34084177,0.0008025323,0.01692088,"MAGEL2","DOWN"
"776","ENSG00000254685",777.2335,-0.5317467,0.19046867,4.828407e-05,0.001660618,"FPGT","DOWN"
"777","ENSG00000255240",80.47105,-0.5575964,0.54027248,0.002399578,0.03907706,"LOC283194","DOWN"
"778","ENSG00000255302",9338.373,-0.3502896,0.10997389,2.553242e-05,0.0009827097,"EID1","DOWN"
"779","ENSG00000255330",607.6164,-1.272127,0.16687727,4.380181e-16,1.746853e-13,NA,"DOWN"
"780","ENSG00000256546",44.08749,-1.048788,0.68145023,0.0002578754,0.006657874,"LINC02985","DOWN"
"781","ENSG00000257732",95.90785,-0.5732151,0.49469639,0.001996098,0.03416882,"LOC124903002","DOWN"
"782","ENSG00000258711",247.2694,-1.369638,0.25507211,1.257551e-09,1.501371e-07,NA,"DOWN"
"783","ENSG00000258986",39.91625,-0.9491584,0.68064394,0.0004032768,0.009691052,"TMEM179","DOWN"
"784","ENSG00000259024",291.6123,-0.3992786,0.26137356,0.001972734,0.03392379,"TVP23C-CDRT4","DOWN"
"785","ENSG00000259129",646.5306,-1.431282,0.16124445,1.177534e-20,8.174706e-18,"LINC00648","DOWN"
"786","ENSG00000259171",55.54659,-0.9192591,0.76551754,0.0004697296,0.01104719,NA,"DOWN"
"787","ENSG00000259207",493.1344,-0.7055405,0.29219592,0.0001213428,0.003564967,"ITGB3","DOWN"
"788","ENSG00000259485",67.60451,-0.6733836,0.5408778,0.001228136,0.02364889,"LINC02253","DOWN"
"789","ENSG00000259756",122.302,-0.6582927,0.40058178,0.0006859754,0.01498592,NA,"DOWN"
"790","ENSG00000260916",1705.092,-0.4518787,0.14404012,1.646832e-05,0.0006710483,"CCPG1","DOWN"
"791","ENSG00000260947",178.8174,-1.791491,0.26323898,2.153303e-13,5.684719e-11,NA,"DOWN"
"792","ENSG00000261115",560.6965,-0.4841309,0.19676831,0.0001344851,0.003902149,"TMEM178B","DOWN"
"793","ENSG00000261796",249.1366,-0.5926456,0.29587151,0.0003742666,0.00916269,"ISY1-RAB43","DOWN"
"794","ENSG00000262001",723.9662,-0.3611207,0.17298567,0.0006012713,0.01351346,NA,"DOWN"
"795","ENSG00000263465",1949.815,-0.2426883,0.1316848,0.003131375,0.04706855,"SRSF8","DOWN"
"796","ENSG00000265763",269.6878,-0.354978,0.24440785,0.002890257,0.04473574,"ZNF488","DOWN"
"797","ENSG00000266340",54.8161,-0.6953144,0.54947367,0.001108055,0.02188555,NA,"DOWN"
"798","ENSG00000266869",139.7951,-0.6368282,0.39479242,0.0007707018,0.0163232,NA,"DOWN"
"799","ENSG00000267228",41.97811,-4.94617,0.67593314,2.284238e-15,7.645672e-13,NA,"DOWN"
"800","ENSG00000267265",63.7139,-0.5806858,0.49066318,0.001880167,0.03269188,NA,"DOWN"
"801","ENSG00000267313",91.33531,-1.476982,0.37518358,7.35811e-07,4.763185e-05,"KC6","DOWN"
"802","ENSG00000267327",119.6887,-1.311927,0.33626493,9.977205e-07,6.213048e-05,NA,"DOWN"
"803","ENSG00000267506",577.4825,-0.5104406,0.23987693,0.0003194929,0.00802758,NA,"DOWN"
"804","ENSG00000273015",670.3473,-0.5839755,0.17303665,7.816787e-06,0.0003530551,NA,"DOWN"
"805","ENSG00000274333",447.1945,-0.6975146,0.24357144,4.032972e-05,0.001437149,"LINC03104","DOWN"
"806","ENSG00000274588",692.8238,-0.9921116,0.15265181,3.683094e-12,7.586365e-10,"DGKK","DOWN"
"807","ENSG00000275052",10753.59,-0.2403722,0.1085492,0.00140282,0.02613763,"PPP4R3B","DOWN"
"808","ENSG00000277586",4284.31,-0.83728,0.113615,1.532572e-14,4.633312e-12,"NEFL","DOWN"
"809","ENSG00000277639",186.604,-0.7141208,0.30816226,0.0001496712,0.004296229,"CHD9NB","DOWN"
"810","ENSG00000278175",213.1083,-0.9807937,0.26150999,2.75359e-06,0.0001483141,"GLIDR","DOWN"
"811","ENSG00000278709",443.2129,-0.4363787,0.2315124,0.000721725,0.01558527,"NKILA","DOWN"
"812","ENSG00000279069",215.1695,-0.8710181,0.26652576,1.261956e-05,0.00053275,NA,"DOWN"
"813","ENSG00000279170",297.7324,-1.222075,0.21237026,1.729987e-10,2.494374e-08,"TSTD3","DOWN"
"814","ENSG00000279208",586.4771,-0.7442612,0.20504265,4.562648e-06,0.0002238803,NA,"DOWN"
"815","ENSG00000280177",24.81584,-0.56478,0.66924164,0.002097353,0.0352265,NA,"DOWN"
"816","ENSG00000280441",398.6034,-1.148725,0.24111035,3.924565e-08,3.405651e-06,NA,"DOWN"
"817","ENSG00000280744",61.46437,-0.7103728,0.5465941,0.001009782,0.02035235,"LINC01173","DOWN"
"818","ENSG00000280987",5772.148,-0.5102449,0.13227881,1.059081e-06,6.573314e-05,"MATR3","DOWN"
"819","ENSG00000281128",267.7392,-0.5969261,0.33472525,0.0006057586,0.01354933,"PTENP1-AS","DOWN"
"820","ENSG00000284668",259.8734,-0.455845,0.2751528,0.001182325,0.02289411,"LINC02780","DOWN"
"821","ENSG00000284977",20.96017,-0.4884826,0.65606421,0.002788192,0.04366072,"LOC105376244","DOWN"
"822","ENSG00000285982",22.18674,-2.070572,1.20953801,9.888949e-06,0.0004330805,NA,"DOWN"
"823","ENSG00000286746",604.6977,-0.5484821,0.21132951,8.569312e-05,0.002637491,NA,"DOWN"
"824","ENSG00000287001",558.5561,-0.4359242,0.22852246,0.0006823677,0.01494194,"LOC105372436","DOWN"
"825","ENSG00000287064",1773.825,-0.6902417,0.13058975,4.582291e-09,4.964766e-07,NA,"DOWN"
"826","ENSG00000287335",130.3646,-1.703253,0.37844856,7.152303e-08,5.803583e-06,NA,"DOWN"
"827","ENSG00000288973",921.6432,-0.4728333,0.16596337,4.184192e-05,0.001479783,NA,"DOWN"
"828","ENSG00000289069",122.0697,-1.163527,0.33322625,4.427139e-06,0.0002195299,NA,"DOWN"
"829","ENSG00000289224",100.8104,-0.6197288,0.45366591,0.001255086,0.02402996,NA,"DOWN"
"830","ENSG00000289316",465.1258,-0.3643209,0.25507258,0.002904212,0.04491464,NA,"DOWN"
"831","ENSG00000289575",129.6761,-1.972319,0.34066716,9.388025e-11,1.430643e-08,"LOC124905233","DOWN"
"832","ENSG00000289609",230.5095,-0.6648061,0.30747003,0.0002292547,0.006060859,"LOC124901321","DOWN"
"833","ENSG00000289697",33.14287,-2.842424,0.74792532,1.417243e-08,1.383584e-06,NA,"DOWN"
"834","ENSG00000289720",1013.138,-0.3373193,0.19638927,0.0017444,0.03081718,"ITCH","DOWN"
"835","ENSG00000290412",21.91009,-0.6225509,0.74910503,0.00134128,0.02521772,NA,"DOWN"
"836","ENSG00000290569",141.5297,-0.5848165,0.39373779,0.001142882,0.02238473,NA,"DOWN"
"837","ENSG00000290867",355.1879,-0.9865707,0.20768214,6.253581e-08,5.141102e-06,"LINC01145","DOWN"
"838","ENSG00000290893",235.222,-0.9003526,0.24710421,4.247081e-06,0.0002128206,NA,"DOWN"
"839","ENSG00000290923",575.1983,-0.4479413,0.19901465,0.0002639836,0.006806201,"PGM5P2","DOWN"
"840","ENSG00000291062",25.72768,-1.627816,1.07097892,3.362417e-05,0.001233369,NA,"DOWN"
"841","ENSG00000291076",27.96931,-0.7977942,0.76981029,0.0007335344,0.01578573,"AADACP1","DOWN"
"842","ENSG00000291175",1069.694,-0.3813062,0.17179681,0.000376399,0.009186489,NA,"DOWN"
"843","ENSG00000291185",40.01009,-0.7747971,0.74791871,0.0008284203,0.01730889,NA,"DOWN"
"844","ENSG00000293034",195.3337,-1.041105,0.26875741,1.678729e-06,9.772082e-05,"NAP1L6P","DOWN"
"845","ENSG00000293170",163.9695,-1.353064,0.28133245,2.267134e-08,2.071141e-06,NA,"DOWN"
"846","ENSG00000293322",261.1805,-0.6890459,0.25995367,6.98604e-05,0.002246078,NA,"DOWN"
"847","ENSG00000293352",147.9447,-2.026282,0.32393271,5.494469e-12,1.103357e-09,"RPLP0P2","DOWN"
