"","gene_id","baseMeanHEK","log2FoldChangeHEK","lfcSEHEK","pvalueHEK","padjHEK","symbolHEK","diffexpressedHEK","baseMeanU2OS","log2FoldChangeU2OS","lfcSEU2OS","pvalueU2OS","padjU2OS","symbolU2OS","diffexpressedU2OS"
"1","ENSG00000005194",1703.888,-1.398293,0.06164448,3.591333e-116,5.179266e-114,"CIAPIN1","DOWN",1357.09,-0.3051237,0.14996823,0.001053781,0.02103521,"CIAPIN1","DOWN"
"2","ENSG00000006468",122.7285,-2.547009,0.24935455,1.236253e-26,1.736342e-25,"ETV1","DOWN",161.2312,-0.8587487,0.34160739,7.720571e-05,0.002440378,"ETV1","DOWN"
"3","ENSG00000008311",1275.556,-0.3417665,0.06986,7.111324e-07,3.043277e-06,"AASS","DOWN",956.2891,-0.2955279,0.15139259,0.001400124,0.02613763,"AASS","DOWN"
"4","ENSG00000008394",1282.5,-0.9650885,0.08129703,1.055913e-33,1.93511e-32,"MGST1","DOWN",916.9573,-1.457368,0.15063662,6.886424e-24,6.146625e-21,"MGST1","DOWN"
"5","ENSG00000015568",1692.575,0.3461686,0.1073012,0.0008711037,0.002514509,"RGPD5","UP",2799.961,0.7402804,0.17319425,4.816801e-07,3.34393e-05,"RGPD5","UP"
"6","ENSG00000020633",338.8704,-0.695207,0.12631121,8.707977e-09,4.430286e-08,"RUNX3","DOWN",140.7983,-1.255163,0.30562077,5.161772e-07,3.557068e-05,"RUNX3","DOWN"
"7","ENSG00000021826",324.3571,2.891041,0.16324211,3.835271e-73,2.250671e-71,"CPS1","UP",3223.335,0.3139102,0.1301299,0.0003734689,0.00916269,"CPS1","UP"
"8","ENSG00000026025",26715.42,-0.7592735,0.03757402,1.600764e-91,1.435807e-89,"VIM","DOWN",78437.92,-0.3622094,0.10811439,1.278732e-05,0.0005386192,"VIM","DOWN"
"9","ENSG00000038210",1949.949,1.186118,0.06234673,1.624722e-82,1.187069e-80,"PI4K2B","UP",880.8351,0.3252433,0.1653598,0.001047122,0.0209415,"PI4K2B","UP"
"10","ENSG00000047617",59.13712,1.812962,0.34805127,1.238409e-09,6.747036e-09,"ANO2","UP",985.9465,0.5284766,0.22170602,0.0001571958,0.004477931,"ANO2","UP"
"11","ENSG00000048052",67.96,0.778608,0.27548504,0.0006178288,0.001831326,"HDAC9","UP",2412.303,0.5782036,0.14348518,6.744699e-07,4.435882e-05,"HDAC9","UP"
"12","ENSG00000052795",2503.406,0.4107149,0.05264395,3.768313e-15,2.998479e-14,"FNIP2","UP",1341.274,0.3695212,0.16253616,0.0003480046,0.008616906,"FNIP2","UP"
"13","ENSG00000053524",60.13521,0.9367206,0.30290345,0.000118267,0.0003915321,"MCF2L2","UP",178.709,0.668997,0.41613903,0.0007116369,0.01546351,"MCF2L2","UP"
"14","ENSG00000054654",1734.697,0.4071697,0.11364622,0.000205352,0.0006560146,"SYNE2","UP",20844.63,0.2541114,0.1169669,0.001311054,0.02479757,"SYNE2","UP"
"15","ENSG00000058085",81.7273,0.8169159,0.27709587,0.0003507898,0.001079523,"LAMC2","UP",4819.723,0.6355889,0.11317265,5.560184e-10,7.138362e-08,"LAMC2","UP"
"16","ENSG00000060688",2460.658,-1.739141,0.05605592,2.682482e-213,2.276499e-210,"SNRNP40","DOWN",3416.166,-0.8517134,0.10730679,1.884734e-16,8.215687e-14,"SNRNP40","DOWN"
"17","ENSG00000062725",2341.555,-0.4015956,0.08976624,4.769806e-06,1.884099e-05,"APPBP2","DOWN",8327.086,-0.2100828,0.10245439,0.002991055,0.04561784,"APPBP2","DOWN"
"18","ENSG00000063180",347.0998,0.9414751,0.14972939,2.203326e-11,1.364862e-10,"CA11","UP",1241.621,0.2905506,0.16136476,0.002071555,0.03491836,"CA11","UP"
"19","ENSG00000064419",3237.401,-0.6111422,0.04846324,6.314012e-37,1.295988e-35,"TNPO3","DOWN",3569.08,-0.5625141,0.11686348,1.874904e-08,1.75716e-06,"TNPO3","DOWN"
"20","ENSG00000064666",1414.923,-0.3156124,0.06910244,3.702903e-06,1.484188e-05,"CNN2","DOWN",2548.505,-0.2610145,0.14434598,0.002736917,0.04303756,"CNN2","DOWN"
"21","ENSG00000065923",1111.972,0.4109164,0.10264471,3.765056e-05,0.0001331559,"SLC9A7","UP",1924.387,0.2900904,0.15395357,0.001722671,0.03054848,"SLC9A7","UP"
"22","ENSG00000066427",724.4126,-0.387963,0.13881886,0.003226384,0.008453885,"ATXN3","DOWN",1339.629,-0.3304707,0.17599164,0.001249229,0.02396679,"ATXN3","DOWN"
"23","ENSG00000066583",2006.054,-0.5869765,0.05972882,3.170781e-23,3.802353e-22,"ISOC1","DOWN",2050.728,-0.2469903,0.12375262,0.002137375,0.03573859,"ISOC1","DOWN"
"24","ENSG00000067082",2103.485,0.702054,0.05928985,5.753805e-33,1.026336e-31,"KLF6","UP",4759.062,0.3163351,0.12218421,0.0002254396,0.005976859,"KLF6","UP"
"25","ENSG00000067167",4519.655,-0.1222641,0.0479314,0.01028041,0.02435444,"TRAM1","DOWN",12878.3,-0.2791931,0.12042651,0.0006877593,0.0150074,"TRAM1","DOWN"
"26","ENSG00000067715",252.2871,0.5948017,0.16097726,7.288123e-05,0.0002480908,"SYT1","UP",804.7951,0.6241079,0.17330632,3.981749e-06,0.0002028095,"SYT1","UP"
"27","ENSG00000070087",5094.826,-0.8190265,0.04026543,8.054383e-93,7.313579e-91,"PFN2","DOWN",11322.8,-0.404044,0.10628762,1.584615e-06,9.252964e-05,"PFN2","DOWN"
"28","ENSG00000070159",855.335,0.44065,0.08073891,2.731571e-08,1.335522e-07,"PTPN3","UP",1668.534,0.2826339,0.12764123,0.0008556102,0.01774066,"PTPN3","UP"
"29","ENSG00000071553",3199.435,-0.2192084,0.05071967,1.349696e-05,5.045071e-05,"ATP6AP1","DOWN",3104.269,-0.2453323,0.12132383,0.002056334,0.03475557,"ATP6AP1","DOWN"
"30","ENSG00000072042",3666.874,-0.9674695,0.04585855,5.392991e-100,5.8047e-98,"RDH11","DOWN",9515.452,-0.2363431,0.10162664,0.001126168,0.02214994,"RDH11","DOWN"
"31","ENSG00000073417",930.1731,0.3291143,0.07761241,1.62475e-05,6.024216e-05,"PDE8A","UP",2947.356,0.2489139,0.11848003,0.001647831,0.02955688,"PDE8A","UP"
"32","ENSG00000078018",53.98708,2.890764,0.43030006,2.099319e-14,1.601157e-13,"MAP2","UP",1416.456,0.2881088,0.16854033,0.002590408,0.04128792,"MAP2","UP"
"33","ENSG00000078061",1376.977,-0.6727506,0.06761389,6.790182e-24,8.374811e-23,"ARAF","DOWN",1613.385,-0.4541214,0.14346792,1.48472e-05,0.0006143396,"ARAF","DOWN"
"34","ENSG00000078237",995.6421,-0.891187,0.39827976,0.001658927,0.004574384,"TIGAR","DOWN",4026.58,-0.3154171,0.11081593,0.0001085749,0.003230362,"TIGAR","DOWN"
"35","ENSG00000078401",74.44042,-0.6599955,0.25036162,0.001908025,0.005209823,"EDN1","DOWN",948.029,-0.9179015,0.16377648,1.061309e-09,1.308761e-07,"EDN1","DOWN"
"36","ENSG00000079931",1009.761,1.358226,0.09101498,1.486945e-52,5.300393e-51,"MOXD1","UP",1454.395,0.5263503,0.14275892,2.176671e-06,0.0001217896,"MOXD1","UP"
"37","ENSG00000084453",7.305584,-0.8483476,0.71485804,0.009439353,0.02254837,"SLCO1A2","DOWN",186.7932,-1.560091,0.26743639,8.907553e-11,1.368551e-08,"SLCO1A2","DOWN"
"38","ENSG00000087088",2508.217,-0.5348065,0.05060288,1.828222e-26,2.548308e-25,"BAX","DOWN",2977.032,-0.2313376,0.11842225,0.002838441,0.04415249,"BAX","DOWN"
"39","ENSG00000087995",1598.2,-0.7486455,0.06362812,1.149981e-32,2.026704e-31,"METTL2A","DOWN",2547.392,-0.2769519,0.11724047,0.0006320353,0.01403657,"METTL2A","DOWN"
"40","ENSG00000089818",1457.548,-0.3052334,0.07527382,3.819497e-05,0.0001349731,"NECAP1","DOWN",2262.886,-0.2726878,0.13259679,0.00138738,0.02597908,"NECAP1","DOWN"
"41","ENSG00000091490",803.1208,1.020722,0.09003908,3.86584e-31,6.418341e-30,"SEL1L3","UP",4560.837,0.2688337,0.12836094,0.001326348,0.02501113,"SEL1L3","UP"
"42","ENSG00000092108",1702.985,-0.9320165,0.06903954,1.213017e-42,3.137774e-41,"SCFD1","DOWN",4556.921,-0.5813671,0.11717176,1.04682e-08,1.066391e-06,"SCFD1","DOWN"
"43","ENSG00000092820",7194.199,0.3333875,0.0368179,9.995968e-20,1.006668e-18,"EZR","UP",14167.79,0.2198171,0.10055631,0.001933717,0.03337532,"EZR","UP"
"44","ENSG00000095777",264.0686,1.081159,0.17610624,2.461585e-11,1.518872e-10,"MYO3A","UP",730.7087,0.2869149,0.16479954,0.002443725,0.03965817,"MYO3A","UP"
"45","ENSG00000099250",1792.797,-0.3699211,0.07336325,3.089694e-07,1.365941e-06,"NRP1","DOWN",12674.66,-0.2856194,0.1059356,0.000235868,0.006183371,"NRP1","DOWN"
"46","ENSG00000099284",3122.405,-0.1891461,0.04974505,0.0001294764,0.0004262753,"MACROH2A2","DOWN",1625.025,-0.6967373,0.15057799,1.006427e-07,8.027435e-06,"MACROH2A2","DOWN"
"47","ENSG00000099860",347.8059,-0.389633,0.1323627,0.002016296,0.005481037,"GADD45B","DOWN",536.3152,-0.3419869,0.1954548,0.001569582,0.02845284,"GADD45B","DOWN"
"48","ENSG00000100167",1551.271,0.4072917,0.06625715,4.884705e-10,2.753027e-09,"SEPTIN3","UP",2563.433,0.5671174,0.1217502,4.07025e-08,3.499668e-06,"SEPTIN3","UP"
"49","ENSG00000100324",1458.05,-0.6268602,0.06790274,8.513776e-21,9.066431e-20,"TAB1","DOWN",646.2108,-0.3260394,0.19377798,0.002040338,0.03464139,"TAB1","DOWN"
"50","ENSG00000100353",6643.565,-0.2092712,0.03907046,7.523636e-08,3.524608e-07,"EIF3D","DOWN",8093.507,-0.2386699,0.10379438,0.001167103,0.022694,"EIF3D","DOWN"
"51","ENSG00000100354",1733.786,-0.6239171,0.10630946,1.381254e-09,7.490138e-09,"TNRC6B","DOWN",7881.418,-0.2661413,0.14419536,0.002389353,0.03894438,"TNRC6B","DOWN"
"52","ENSG00000100504",8209.477,-1.475304,0.03494542,0,0,"PYGL","DOWN",4545.932,-0.7557382,0.10356771,2.742053e-14,8.158261e-12,"PYGL","DOWN"
"53","ENSG00000100528",3852.833,-0.3560754,0.04521546,2.378487e-15,1.912585e-14,"CNIH1","DOWN",4399.77,-0.3214388,0.12355127,0.0002066036,0.005588136,"CNIH1","DOWN"
"54","ENSG00000100804",5512.112,-1.331415,0.04343661,1.675187e-208,1.192355e-205,"PSMB5","DOWN",2692.237,-0.3045216,0.12803617,0.0004487513,0.01060705,"PSMB5","DOWN"
"55","ENSG00000101132",966.2588,-0.5359283,0.08267066,3.884489e-11,2.371645e-10,"PFDN4","DOWN",2139.82,-0.4076447,0.15806519,0.0001179514,0.003481704,"PFDN4","DOWN"
"56","ENSG00000101144",924.693,-0.5194468,0.11171559,1.479179e-06,6.145376e-06,"BMP7","DOWN",686.7673,-1.769038,0.17726503,5.902247e-25,6.914482e-22,"BMP7","DOWN"
"57","ENSG00000101680",937.2987,0.4524248,0.08330309,3.072491e-08,1.496237e-07,"LAMA1","UP",5450.095,0.3224641,0.11744835,0.0001354045,0.003922753,"LAMA1","UP"
"58","ENSG00000101782",1374.274,-0.1692466,0.07519478,0.02232964,0.04874873,"RIOK3","DOWN",916.8446,-0.2564147,0.14554103,0.003174573,0.04746292,"RIOK3","DOWN"
"59","ENSG00000101871",7974.045,0.1443107,0.04139159,0.0004613148,0.001393608,"MID1","UP",273.9572,0.8593997,0.2832425,2.32839e-05,0.0009035888,"MID1","UP"
"60","ENSG00000101935",1668.444,-1.225085,0.07365331,4.809052e-64,2.286891e-62,"AMMECR1","DOWN",479.1531,-1.008692,0.21356795,6.697916e-08,5.45851e-06,"AMMECR1","DOWN"
"61","ENSG00000102786",492.2123,-0.491075,0.15411082,0.0006730932,0.001979712,"INTS6","DOWN",1931.636,-0.407921,0.13351994,2.564133e-05,0.0009848792,"INTS6","DOWN"
"62","ENSG00000102967",386.1761,-1.202104,0.19359377,8.01014e-12,5.127466e-11,"DHODH","DOWN",342.6181,-0.8215417,0.38984134,0.0001906646,0.005240201,"DHODH","DOWN"
"63","ENSG00000103245",819.5331,-0.3376827,0.09543766,0.0002862174,0.0008926343,"CIAO3","DOWN",293.2793,-0.7638673,0.29931805,8.20497e-05,0.002554717,"CIAO3","DOWN"
"64","ENSG00000103591",2651.868,-1.159291,0.0641459,9.471461e-75,5.805216e-73,"AAGAB","DOWN",6234.201,-0.2974273,0.13993165,0.0009102476,0.01872852,"AAGAB","DOWN"
"65","ENSG00000103642",469.8664,-0.6914045,0.11331719,2.534184e-10,1.457684e-09,"LACTB","DOWN",2550.448,-0.3750847,0.13965829,0.0001026314,0.003092802,"LACTB","DOWN"
"66","ENSG00000103811",708.639,0.6654019,0.09955235,6.296425e-12,4.061111e-11,"CTSH","UP",561.0632,0.5889906,0.19247055,2.185286e-05,0.0008569248,"CTSH","UP"
"67","ENSG00000104332",2431.794,-0.1493875,0.05318898,0.004659599,0.01182858,"SFRP1","DOWN",1352.995,-0.93164,0.13483393,2.975053e-13,7.745054e-11,"SFRP1","DOWN"
"68","ENSG00000104728",1328.484,0.1635958,0.06699228,0.01346705,0.03112501,"ARHGEF10","UP",2052.341,0.2361312,0.11744845,0.002360449,0.03864127,"ARHGEF10","UP"
"69","ENSG00000105939",2185.456,-0.4472696,0.05882714,1.625041e-14,1.247618e-13,"ZC3HAV1","DOWN",3883.07,-0.2517434,0.12644624,0.002042543,0.03464744,"ZC3HAV1","DOWN"
"70","ENSG00000107551",210.7024,1.842321,0.18290575,8.784083e-26,1.181114e-24,"RASSF4","UP",1013.364,0.293138,0.18472946,0.003235563,0.04813285,"RASSF4","UP"
"71","ENSG00000108679",1890.452,-0.3383952,0.07448591,3.971918e-06,1.58539e-05,"LGALS3BP","DOWN",3975.546,-0.5595585,0.14554698,1.305241e-06,7.742226e-05,"LGALS3BP","DOWN"
"72","ENSG00000110092",615.7238,-2.415582,0.10845874,1.138578e-111,1.513417e-109,"CCND1","DOWN",13814.32,-0.5976063,0.10317956,1.456092e-10,2.149054e-08,"CCND1","DOWN"
"73","ENSG00000110723",165.7419,1.351079,0.21127835,1.289483e-12,8.698391e-12,"EXPH5","UP",2587.986,1.040947,0.12301227,1.002027e-18,6.058705e-16,"EXPH5","UP"
"74","ENSG00000111249",278.1741,-0.3864597,0.13602933,0.002808937,0.007453006,"CUX2","DOWN",55.70893,-1.123387,0.70622507,0.00019373,0.005305852,"CUX2","DOWN"
"75","ENSG00000111262",42.07174,-1.091957,0.37740315,0.0001055599,0.0003513619,"KCNA1","DOWN",407.5861,-1.525192,0.19058831,2.289994e-17,1.22639e-14,"KCNA1","DOWN"
"76","ENSG00000111266",1993.112,0.2447109,0.05788282,1.989446e-05,7.288248e-05,"DUSP16","UP",4154.361,0.2608398,0.12420094,0.001433752,0.02658185,"DUSP16","UP"
"77","ENSG00000111481",2911.508,-0.8045434,0.06271265,1.715998e-38,3.775024e-37,"COPZ1","DOWN",2866.283,-0.369192,0.13855122,0.0001139472,0.003368811,"COPZ1","DOWN"
"78","ENSG00000111647",1025.766,-0.2509572,0.09127415,0.004927032,0.01245018,"BLTP3B","DOWN",1611.588,-0.3806003,0.15242104,0.0001733954,0.004836493,"BLTP3B","DOWN"
"79","ENSG00000111863",2.733018,0.7185665,1.01246967,0.007287987,0.01781822,"ADTRP","UP",111.0391,0.8234021,0.41152097,0.0002331709,0.006134966,"ADTRP","UP"
"80","ENSG00000112208",949.8219,-0.876093,0.08395089,1.776555e-26,2.482565e-25,"BAG2","DOWN",2494.63,-0.2611438,0.13077505,0.001807942,0.03170071,"BAG2","DOWN"
"81","ENSG00000112367",1398.03,0.6159699,0.06646773,6.359111e-21,6.811349e-20,"FIG4","UP",927.7945,0.4906577,0.1984395,0.0001285147,0.003741322,"FIG4","UP"
"82","ENSG00000112379",869.9347,0.3911243,0.10919347,0.0002145461,0.0006837841,"ARFGEF3","UP",1614.78,0.2796671,0.13232833,0.001125698,0.02214994,"ARFGEF3","UP"
"83","ENSG00000113163",1298.038,-0.3247467,0.06861966,1.6343e-06,6.758025e-06,"CERT1","DOWN",1657.538,-0.3535492,0.1442918,0.0002381393,0.006224255,"CERT1","DOWN"
"84","ENSG00000113296",30.53535,0.7828154,0.43887059,0.007168059,0.0175464,"THBS4","UP",273.0408,0.4523346,0.26150834,0.001005458,0.02030852,"THBS4","UP"
"85","ENSG00000113356",1063.851,-0.9809909,0.09582796,7.696207e-26,1.0361e-24,"POLR3G","DOWN",1106.382,-0.3123982,0.15208597,0.0009417353,0.0192496,"POLR3G","DOWN"
"86","ENSG00000113391",891.6648,0.5584162,0.09684887,3.230799e-09,1.700157e-08,"ARB2A","UP",3033.707,0.3815502,0.12921493,4.235161e-05,0.001494988,"ARB2A","UP"
"87","ENSG00000113657",3435.651,-0.1774311,0.04581423,9.840275e-05,0.000329078,"DPYSL3","DOWN",12005.09,-0.3906227,0.16588134,0.0002462665,0.006375717,"DPYSL3","DOWN"
"88","ENSG00000114023",1881.818,-0.3811763,0.06395789,1.661673e-09,8.955745e-09,"FAM162A","DOWN",1046.714,-0.5871541,0.15974849,2.731829e-06,0.000147566,"FAM162A","DOWN"
"89","ENSG00000114125",1362.209,-0.5516335,0.07062164,2.340656e-15,1.88285e-14,"RNF7","DOWN",1270.178,-0.2656258,0.14666397,0.002589048,0.04128792,"RNF7","DOWN"
"90","ENSG00000114251",887.6387,-0.2955482,0.08881434,0.0006744806,0.001983264,"WNT5A","DOWN",1194.539,-0.3151308,0.16524357,0.001310426,0.02479757,"WNT5A","DOWN"
"91","ENSG00000114353",1911.933,-0.4986174,0.06716001,5.512851e-14,4.083285e-13,"GNAI2","DOWN",9845.428,-0.2284959,0.10342933,0.001643997,0.02951637,"GNAI2","DOWN"
"92","ENSG00000114861",1376.484,-0.3817909,0.07744868,5.383912e-07,2.327964e-06,"FOXP1","DOWN",2633.101,-0.3497838,0.14095307,0.0002245301,0.005965075,"FOXP1","DOWN"
"93","ENSG00000114933",597.3588,0.6562863,0.12762395,7.418289e-08,3.47821e-07,"INO80D","UP",4372.952,0.3642864,0.1466209,0.0001998547,0.005444878,"INO80D","UP"
"94","ENSG00000115380",353.0902,0.8238961,0.17162984,1.964924e-07,8.857212e-07,"EFEMP1","UP",5404.293,0.3210668,0.11923554,0.0001601186,0.004547368,"EFEMP1","UP"
"95","ENSG00000115461",1524.705,-0.1714272,0.06912872,0.01202468,0.02808857,"IGFBP5","DOWN",19238.34,-0.7513645,0.15941937,8.325295e-08,6.668774e-06,"IGFBP5","DOWN"
"96","ENSG00000116209",2476.936,-0.1760368,0.06422103,0.005583924,0.01397723,"TMEM59","DOWN",2568.597,-0.4577839,0.13178037,4.744586e-06,0.0002315951,"TMEM59","DOWN"
"97","ENSG00000116584",1987.997,0.1830887,0.05688107,0.001167912,0.003306659,"ARHGEF2","UP",2755.655,0.2675669,0.12508311,0.001211764,0.02340895,"ARHGEF2","UP"
"98","ENSG00000116711",116.1681,-0.8147132,0.22128484,2.801117e-05,0.0001008937,"PLA2G4A","DOWN",207.7591,-0.7597814,0.29107138,7.208322e-05,0.002305679,"PLA2G4A","DOWN"
"99","ENSG00000116750",1826.506,-1.790815,0.07117008,1.391841e-141,3.133773e-139,"UCHL5","DOWN",1913.906,-5.069068,0.16691565,1.178546e-203,2.209067e-199,"UCHL5","DOWN"
"100","ENSG00000116906",2066.089,-0.7454096,0.05546736,7.188037e-42,1.788095e-40,"GNPAT","DOWN",2454.547,-0.4096007,0.12709699,1.416676e-05,0.0005887842,"GNPAT","DOWN"
"101","ENSG00000118263",448.5715,0.7778943,0.1212231,2.283161e-11,1.411542e-10,"KLF7","UP",4174.802,0.303444,0.11434909,0.0002161576,0.005812995,"KLF7","UP"
"102","ENSG00000119242",640.9773,0.8008561,0.09766079,3.616306e-17,3.195587e-16,"CCDC92","UP",134.1857,0.4576766,0.36161715,0.002698764,0.04262937,"CCDC92","UP"
"103","ENSG00000119632",256.1759,-0.4593118,0.15879343,0.001947294,0.005310473,"IFI27L2","DOWN",278.2968,-0.3872309,0.26696701,0.002476697,0.04002001,"IFI27L2","DOWN"
"104","ENSG00000119699",177.323,-0.7327584,0.17033639,3.214688e-06,1.295563e-05,"TGFB3","DOWN",601.8402,-0.6279195,0.19799375,1.626344e-05,0.0006641437,"TGFB3","DOWN"
"105","ENSG00000120088",52.4592,3.093154,0.42229972,1.173815e-16,1.003885e-15,"CRHR1","UP",300.914,0.5692232,0.30515869,0.0005388225,0.0122569,"CRHR1","UP"
"106","ENSG00000120699",1144.309,-0.1996513,0.0706649,0.004194152,0.01074593,"EXOSC8","DOWN",1555.462,-0.3403158,0.1803737,0.001141083,0.02237287,"EXOSC8","DOWN"
"107","ENSG00000120820",333.2942,-0.3219397,0.12947129,0.009271155,0.02218502,"GLT8D2","DOWN",323.8111,-2.069466,0.20375006,7.727146e-26,1.20698e-22,"GLT8D2","DOWN"
"108","ENSG00000120896",2031.802,-0.1752296,0.06405693,0.005684188,0.01420242,"SORBS3","DOWN",977.3259,-0.5255645,0.2016145,8.395036e-05,0.002600935,"SORBS3","DOWN"
"109","ENSG00000121361",620.1097,-0.531703,0.09887823,3.268715e-08,1.58835e-07,"KCNJ8","DOWN",576.108,-0.3715744,0.19630721,0.0009309083,0.01910526,"KCNJ8","DOWN"
"110","ENSG00000121486",1478.807,-0.3461122,0.06808431,2.619992e-07,1.167646e-06,"TRMT1L","DOWN",1864.684,-0.2780996,0.12916123,0.001041979,0.02086629,"TRMT1L","DOWN"
"111","ENSG00000122592",620.0633,-0.8142582,0.10529454,1.473853e-15,1.194292e-14,"HOXA7","DOWN",328.8163,-1.065858,0.21590449,2.143219e-08,1.96924e-06,"HOXA7","DOWN"
"112","ENSG00000122733",42.99202,1.408948,0.59088978,0.000161444,0.0005239392,"PHF24","UP",41.26328,0.8149522,0.69524713,0.0007371553,0.01582731,"PHF24","UP"
"113","ENSG00000124613",566.3741,0.7111522,0.09845474,1.14446e-13,8.314949e-13,"ZNF391","UP",342.1269,1.034096,0.23884051,3.286277e-07,2.369153e-05,"ZNF391","UP"
"114","ENSG00000124659",496.8017,-0.6963701,0.10891951,3.848794e-11,2.350502e-10,"TBCC","DOWN",266.549,-0.7553091,0.24444874,2.189974e-05,0.00085697,"TBCC","DOWN"
"115","ENSG00000125637",74.66528,0.7722236,0.26913474,0.0005616069,0.001676388,"PSD4","UP",383.9643,0.7923194,0.26440336,2.73449e-05,0.001039661,"PSD4","UP"
"116","ENSG00000125755",3258.178,-0.7084433,0.05012864,5.630698e-46,1.641233e-44,"SYMPK","DOWN",1833.346,-0.2873707,0.12467795,0.0006494622,0.01435557,"SYMPK","DOWN"
"117","ENSG00000126970",666.2,-0.2343237,0.10144919,0.01758501,0.03944788,"ZC4H2","DOWN",1017.466,-0.3183436,0.1867311,0.002047543,0.03468383,"ZC4H2","DOWN"
"118","ENSG00000128228",1129.481,-1.414743,0.07434408,5.185235e-83,3.852263e-81,"SDF2L1","DOWN",1911.834,-0.4552897,0.14847899,2.090639e-05,0.000821529,"SDF2L1","DOWN"
"119","ENSG00000128266",705.5167,1.137649,0.09784947,6.338325e-33,1.128774e-31,"GNAZ","UP",2446.136,0.260423,0.12642135,0.001580126,0.02861632,"GNAZ","UP"
"120","ENSG00000128512",540.9499,-0.3318927,0.11104096,0.001995549,0.00543066,"DOCK4","DOWN",652.791,-0.7880576,0.25991179,2.506545e-05,0.0009687151,"DOCK4","DOWN"
"121","ENSG00000128710",832.0166,-1.144315,0.08560023,1.862413e-42,4.750769e-41,"HOXD10","DOWN",36.15006,-1.018706,0.75688495,0.0003168177,0.007971048,"HOXD10","DOWN"
"122","ENSG00000128713",819.3669,-0.9486344,0.08488617,3.739136e-30,6.026592e-29,"HOXD11","DOWN",35.1262,-0.6820774,0.67821346,0.00130727,0.024776,"HOXD11","DOWN"
"123","ENSG00000128923",1090.416,-0.5318922,0.07249674,9.605245e-14,7.008589e-13,"MINDY2","DOWN",1206.215,-0.5329139,0.15780835,7.006715e-06,0.00032131,"MINDY2","DOWN"
"124","ENSG00000129255",1027.61,-1.391909,0.07585129,1.846771e-77,1.18113e-75,"MPDU1","DOWN",838.985,-0.7021665,0.18118002,1.889578e-06,0.0001083127,"MPDU1","DOWN"
"125","ENSG00000129515",3685.704,-0.6774324,0.05816247,6.2903e-32,1.077605e-30,"SNX6","DOWN",4527.809,-0.3035424,0.13905079,0.0007446053,0.01595072,"SNX6","DOWN"
"126","ENSG00000129625",2819.743,-0.2427656,0.0573318,1.936505e-05,7.108465e-05,"REEP5","DOWN",2084.813,-0.397591,0.13099639,2.90557e-05,0.001098024,"REEP5","DOWN"
"127","ENSG00000131174",3936.675,-0.125347,0.05155777,0.01435576,0.03295462,"COX7B","DOWN",4083.401,-0.2907307,0.13176812,0.0007999376,0.01688517,"COX7B","DOWN"
"128","ENSG00000131389",1117.48,-0.5366286,0.08392689,6.946717e-11,4.172001e-10,"SLC6A6","DOWN",4320.096,-0.4262761,0.14825124,4.310187e-05,0.001512924,"SLC6A6","DOWN"
"129","ENSG00000132002",2722.375,-0.6535972,0.06620812,1.597618e-23,1.934766e-22,"DNAJB1","DOWN",5297.124,-0.2203298,0.10729754,0.002611547,0.04155907,"DNAJB1","DOWN"
"130","ENSG00000132182",7337.704,0.6848553,0.04880157,2.517991e-45,7.159726e-44,"NUP210","UP",2607.449,0.2337938,0.12286481,0.003070891,0.04639504,"NUP210","UP"
"131","ENSG00000132357",62.64123,-0.6771432,0.29272965,0.004072148,0.01046494,"CARD6","DOWN",198.7611,-2.141651,0.27199938,4.953991e-17,2.32144e-14,"CARD6","DOWN"
"132","ENSG00000132470",38.08189,1.206876,0.46422717,0.0001647169,0.000534011,"ITGB4","UP",594.1117,0.7668156,0.29229869,6.933011e-05,0.002232858,"ITGB4","UP"
"133","ENSG00000132561",115.1534,0.7298753,0.20687383,7.633963e-05,0.0002592634,"MATN2","UP",3016.669,0.7499027,0.11015013,8.144419e-13,1.839265e-10,"MATN2","UP"
"134","ENSG00000132780",13605.07,-0.7504122,0.03529374,5.058913e-101,5.498764e-99,"NASP","DOWN",25569.73,-0.3296108,0.0969444,1.536193e-05,0.000631456,"NASP","DOWN"
"135","ENSG00000132849",824.7349,0.6110775,0.10693982,3.632511e-09,1.902929e-08,"PATJ","UP",2665.512,0.6956538,0.14572224,5.281593e-08,4.419561e-06,"PATJ","UP"
"136","ENSG00000133393",1426.964,-0.2214608,0.0708823,0.001541931,0.004274745,"CEP20","DOWN",2774.696,-0.2458299,0.11596599,0.001637379,0.02948392,"CEP20","DOWN"
"137","ENSG00000133816",484.9047,0.5702927,0.16998863,0.0002836143,0.0008852667,"MICAL2","UP",15472.45,0.3402896,0.0999964,1.338825e-05,0.0005601546,"MICAL2","UP"
"138","ENSG00000134146",309.9319,-0.5036803,0.16194284,0.0008350409,0.002417685,"DPH6","DOWN",376.0333,-1.052636,0.25485383,6.740139e-07,4.435882e-05,"DPH6","DOWN"
"139","ENSG00000135049",1601.511,0.9078219,0.06741137,2.174665e-42,5.509068e-41,"AGTPBP1","UP",1474.983,0.5044323,0.18161672,5.089854e-05,0.001724417,"AGTPBP1","UP"
"140","ENSG00000135390",6441.362,-0.1511143,0.05127789,0.00300229,0.007915585,"ATP5MC2","DOWN",5339.697,-0.3145732,0.14232685,0.0006266043,0.0139656,"ATP5MC2","DOWN"
"141","ENSG00000135525",1496.106,0.4932705,0.06425452,8.06473e-15,6.292372e-14,"MAP7","UP",170.1861,1.464139,0.28109785,2.854553e-09,3.205597e-07,"MAP7","UP"
"142","ENSG00000136003",1235.311,-0.3999888,0.06958772,5.68097e-09,2.939742e-08,"ISCU","DOWN",1389.02,-0.6041991,0.15116313,8.631597e-07,5.4659e-05,"ISCU","DOWN"
"143","ENSG00000136193",5259.287,-0.287046,0.04058282,1.203477e-12,8.138132e-12,"SCRN1","DOWN",17145.56,-0.4433463,0.10188397,1.154126e-07,9.089469e-06,"SCRN1","DOWN"
"144","ENSG00000136710",673.4276,-0.3381763,0.09098384,0.0001435004,0.0004698526,"CCDC115","DOWN",272.2513,-0.3644976,0.26674842,0.003320422,0.04904491,"CCDC115","DOWN"
"145","ENSG00000136942",16585.53,-0.8865008,0.04312724,6.95233e-95,6.583827e-93,"RPL35","DOWN",7593.38,-0.2302875,0.10543204,0.001705923,0.03030883,"RPL35","DOWN"
"146","ENSG00000137285",6835.508,-0.09697325,0.03988422,0.0146261,0.0334881,"TUBB2B","DOWN",2965.225,-0.2685269,0.12517026,0.001181276,0.02289411,"TUBB2B","DOWN"
"147","ENSG00000137309",16446.98,-0.4075511,0.03498574,1.449726e-31,2.447452e-30,"HMGA1","DOWN",10749.57,-0.3766394,0.13026484,5.350158e-05,0.001793978,"HMGA1","DOWN"
"148","ENSG00000137364",1345.144,-0.4384938,0.0696241,1.725903e-10,1.005865e-09,"TPMT","DOWN",888.9471,-0.4364915,0.17971321,0.0001647885,0.004651801,"TPMT","DOWN"
"149","ENSG00000137492",3373.973,0.6062992,0.05340604,2.493495e-30,4.045512e-29,"THAP12","UP",10848.5,0.238857,0.11922845,0.002319294,0.03819498,"THAP12","UP"
"150","ENSG00000137558",48.5276,-1.226678,0.39435477,2.988868e-05,0.0001073744,"PI15","DOWN",281.0059,-1.374929,0.25752512,1.480259e-09,1.74503e-07,"PI15","DOWN"
"151","ENSG00000137760",915.0283,-0.5641412,0.08590712,2.019706e-11,1.254287e-10,"ALKBH8","DOWN",1529.031,-0.4210762,0.1704383,0.0001538894,0.004390416,"ALKBH8","DOWN"
"152","ENSG00000137872",287.6201,-0.4331985,0.19646128,0.01445359,0.03314128,"SEMA6D","DOWN",54.52125,-0.464374,0.62911596,0.003340843,0.04926889,"SEMA6D","DOWN"
"153","ENSG00000138326",25705.95,-0.593243,0.04094245,5.12796e-48,1.618719e-46,"RPS24","DOWN",34350.75,-0.301247,0.13948675,0.0008065119,0.01694607,"RPS24","DOWN"
"154","ENSG00000138385",9231.739,-0.8729781,0.03991636,5.43916e-107,6.630667e-105,"SSB","DOWN",8650.969,-0.2398948,0.11725812,0.002082853,0.03501435,"SSB","DOWN"
"155","ENSG00000138413",1915.405,-0.5276051,0.06193898,7.2481e-18,6.638826e-17,"IDH1","DOWN",7123.826,-0.204735,0.1009519,0.003366976,0.04957628,"IDH1","DOWN"
"156","ENSG00000138688",1542.38,0.4250473,0.08008775,6.558419e-08,3.097421e-07,"BLTP1","UP",10956.99,0.4247852,0.11522985,2.257878e-06,0.0001246217,"BLTP1","UP"
"157","ENSG00000138738",199.4673,-0.5594296,0.16838427,0.0003314329,0.001025244,"PRDM5","DOWN",396.4823,-0.9380758,0.24917765,2.802274e-06,0.0001505038,"PRDM5","DOWN"
"158","ENSG00000138772",188.3012,1.027385,0.17350966,1.304302e-10,7.658173e-10,"ANXA3","UP",868.8743,0.5476472,0.1940042,4.397451e-05,0.001537795,"ANXA3","UP"
"159","ENSG00000138796",2212.555,0.4540322,0.06476347,1.307176e-12,8.804282e-12,"HADH","UP",1321.265,0.2865492,0.15034141,0.001696442,0.0302551,"HADH","UP"
"160","ENSG00000139168",2125.399,-0.5713543,0.05809827,3.121815e-23,3.745668e-22,"ZCRB1","DOWN",3308.15,-0.4643163,0.12628801,2.124478e-06,0.0001195833,"ZCRB1","DOWN"
"161","ENSG00000139618",829.8659,0.5911054,0.11126182,3.805349e-08,1.838516e-07,"BRCA2","UP",6246.501,0.3485719,0.12439093,8.871718e-05,0.00272609,"BRCA2","UP"
"162","ENSG00000139620",876.4094,-0.669986,0.10166926,1.168528e-11,7.366735e-11,"KANSL2","DOWN",1186.863,-0.2574977,0.144283,0.002989852,0.04561784,"KANSL2","DOWN"
"163","ENSG00000139921",3592.925,-1.05051,0.04831439,2.997043e-106,3.555364e-104,"TMX1","DOWN",8890.339,-0.2879537,0.11118185,0.0003071341,0.007779624,"TMX1","DOWN"
"164","ENSG00000139971",202.4965,0.4184283,0.1756195,0.009611129,0.02292396,"ARMH4","UP",904.4466,0.519345,0.17174414,2.314129e-05,0.0008999178,"ARMH4","UP"
"165","ENSG00000140332",3696.659,-1.061894,0.07586003,5.520943e-46,1.611371e-44,"TLE3","DOWN",1647.682,-0.3423438,0.1675683,0.0007634992,0.01620728,"TLE3","DOWN"
"166","ENSG00000140416",2092.75,-0.8950133,0.05885798,3.075637e-53,1.116183e-51,"TPM1","DOWN",16681.29,-0.294454,0.10729516,0.0001856104,0.005116297,"TPM1","DOWN"
"167","ENSG00000140443",3790.522,-0.3272435,0.08364348,6.664354e-05,0.000228266,"IGF1R","DOWN",15201.4,-0.2567264,0.13761007,0.002537319,0.04076516,"IGF1R","DOWN"
"168","ENSG00000140463",1289.22,-1.03817,0.08259572,1.248924e-37,2.622027e-36,"BBS4","DOWN",931.8118,-0.675562,0.18454681,3.704212e-06,0.0001912721,"BBS4","DOWN"
"169","ENSG00000140538",27.51658,2.662966,0.60681082,1.720498e-08,8.544404e-08,"NTRK3","UP",2078.176,1.290912,0.12875538,1.950472e-25,2.611404e-22,"NTRK3","UP"
"170","ENSG00000141510",2821.566,0.1786829,0.04778699,0.0001686183,0.0005454572,"TP53","UP",2981.235,0.2465093,0.13185404,0.002829193,0.04410634,"TP53","UP"
"171","ENSG00000141622",124.1814,1.204148,0.2279403,1.957475e-09,1.047833e-08,"ARK2C","UP",161.0217,0.631235,0.40056523,0.0008398989,0.01747288,"ARK2C","UP"
"172","ENSG00000142864",28308.16,-0.9534813,0.03197778,1.629612e-196,8.561283e-194,"SERBP1","DOWN",20180.16,-0.3760058,0.11128318,1.016629e-05,0.0004402708,"SERBP1","DOWN"
"173","ENSG00000143324",1315.001,-0.4248107,0.07757673,2.568531e-08,1.257759e-07,"XPR1","DOWN",3591.922,-0.6537665,0.11251685,2.205209e-10,3.1553e-08,"XPR1","DOWN"
"174","ENSG00000143458",980.4101,1.02806,0.09278752,6.697473e-30,1.067773e-28,"GABPB2","UP",1113.373,0.6443403,0.17173906,2.493857e-06,0.0001362824,"GABPB2","UP"
"175","ENSG00000143469",333.4356,-0.2841673,0.12593515,0.01853327,0.0413109,"SYT14","DOWN",2278.223,-0.2496681,0.12794853,0.002284244,0.03777795,"SYT14","DOWN"
"176","ENSG00000143612",5683.031,-0.4654423,0.03770918,2.867507e-35,5.550136e-34,"C1orf43","DOWN",3717.406,-0.2273411,0.11055846,0.002376515,0.03880261,"C1orf43","DOWN"
"177","ENSG00000143643",553.4289,-0.2606956,0.11267984,0.01667432,0.03762337,"TTC13","DOWN",163.2276,-0.6775557,0.33650373,0.0003103213,0.007849747,"TTC13","DOWN"
"178","ENSG00000144026",1637.536,0.3399389,0.0711513,1.268268e-06,5.303077e-06,"ZNF514","UP",1230.397,0.3373046,0.1814725,0.001246631,0.023966,"ZNF514","UP"
"179","ENSG00000144744",1717.985,-0.5374252,0.06412357,2.272048e-17,2.03131e-16,"UBA3","DOWN",2965.139,-0.4234536,0.12965893,1.136299e-05,0.0004862306,"UBA3","DOWN"
"180","ENSG00000145191",1377.596,-0.6898985,0.08076015,3.271102e-18,3.054459e-17,"EIF2B5","DOWN",1913.478,-0.6460839,0.13187931,2.276222e-08,2.071141e-06,"EIF2B5","DOWN"
"181","ENSG00000145431",998.1851,0.2946547,0.08160302,0.0002361879,0.0007469524,"PDGFC","UP",3652.374,0.748238,0.10974305,7.583853e-13,1.733558e-10,"PDGFC","UP"
"182","ENSG00000145555",2161.545,-0.3879259,0.07552931,1.809289e-07,8.187442e-07,"MYO10","DOWN",3273.428,-0.3656149,0.11654598,2.60025e-05,0.0009946751,"MYO10","DOWN"
"183","ENSG00000145592",12948.1,-0.6552275,0.05835164,8.50039e-30,1.345489e-28,"RPL37","DOWN",15466.8,-0.4337686,0.1344099,1.256927e-05,0.0005318249,"RPL37","DOWN"
"184","ENSG00000145687",607.898,0.597551,0.09413309,7.618103e-11,4.564036e-10,"SSBP2","UP",1541.48,0.2926274,0.1492314,0.00140998,0.02624495,"SSBP2","UP"
"185","ENSG00000145990",482.429,-0.4371829,0.10356402,1.36987e-05,5.117877e-05,"GFOD1","DOWN",200.5804,-0.4074743,0.30392939,0.002870749,0.04447051,"GFOD1","DOWN"
"186","ENSG00000146021",215.6068,0.9753962,0.19427274,2.785949e-08,1.361204e-07,"KLHL3","UP",220.3775,0.4958184,0.30854874,0.001168508,0.022694,"KLHL3","UP"
"187","ENSG00000147180",2588.259,-0.6847368,0.05051075,1.882757e-42,4.797118e-41,"ZNF711","DOWN",3310.625,-0.3528023,0.12584275,8.513376e-05,0.002627984,"ZNF711","DOWN"
"188","ENSG00000148303",32928.55,-0.6032639,0.0322586,1.717724e-78,1.128023e-76,"RPL7A","DOWN",19067.75,-0.3153813,0.09701979,3.045333e-05,0.001143345,"RPL7A","DOWN"
"189","ENSG00000148541",98.1975,-0.4530855,0.21024008,0.0152848,0.03483002,"FAM13C","DOWN",607.476,-0.8924706,0.181217,3.426174e-08,3.029255e-06,"FAM13C","DOWN"
"190","ENSG00000148842",715.7712,-0.3392341,0.09359588,0.0002053287,0.0006560146,"CNNM2","DOWN",443.0364,-0.75164,0.19531463,2.260531e-06,0.0001246217,"CNNM2","DOWN"
"191","ENSG00000148943",1491.997,-0.2463277,0.06775235,0.0002323546,0.0007356729,"LIN7C","DOWN",6238.462,-0.2656804,0.11570041,0.0008490573,0.01764382,"LIN7C","DOWN"
"192","ENSG00000149292",555.4724,1.071754,0.12591523,5.459871e-19,5.293148e-18,"TTC12","UP",883.9265,0.3099188,0.1832224,0.002248386,0.03729536,"TTC12","UP"
"193","ENSG00000149485",2658.697,-0.1396568,0.05350152,0.008536196,0.02057228,"FADS1","DOWN",14223.41,-0.3364459,0.10100768,1.802108e-05,0.0007248651,"FADS1","DOWN"
"194","ENSG00000150401",459.4198,0.3418088,0.1376117,0.00893528,0.02145109,"DCUN1D2","UP",1045.784,0.249206,0.13943618,0.003262501,0.0484951,"DCUN1D2","UP"
"195","ENSG00000151414",1289.135,0.3092774,0.0722236,1.401177e-05,5.230411e-05,"NEK7","UP",12343.28,0.6722804,0.12633661,3.44185e-09,3.794943e-07,"NEK7","UP"
"196","ENSG00000151612",484.9455,-0.4300828,0.11887599,0.0001689167,0.0005462623,"ZNF827","DOWN",2539.467,-0.3456693,0.13331298,0.0001691533,0.004746421,"ZNF827","DOWN"
"197","ENSG00000151892",753.7822,0.2197484,0.09710974,0.02031054,0.04481074,"GFRA1","UP",28.53717,1.556911,0.97899775,4.182635e-05,0.001479783,"GFRA1","UP"
"198","ENSG00000152104",2314.784,0.3137401,0.09643509,0.0008476329,0.002450927,"PTPN14","UP",15480.89,0.2496658,0.10425085,0.0008057165,0.01694607,"PTPN14","UP"
"199","ENSG00000153012",619.4494,1.134573,0.10111712,6.932498e-31,1.144095e-29,"LGI2","UP",460.5416,1.34189,0.21225492,4.309824e-12,8.780798e-10,"LGI2","UP"
"200","ENSG00000154237",120.201,1.318125,0.29884294,1.067196e-07,4.937654e-07,"LRRK1","UP",794.5436,0.3371236,0.20988431,0.002261195,0.03747466,"LRRK1","UP"
"201","ENSG00000154864",139.2307,0.9869684,0.25144632,4.194285e-06,1.669316e-05,"PIEZO2","UP",1940.379,0.5408149,0.16971413,1.370514e-05,0.0005708649,"PIEZO2","UP"
"202","ENSG00000155111",1060.299,1.272841,0.07855051,4.328068e-61,1.917647e-59,"CDK19","UP",2612.072,0.3094113,0.13746732,0.0005934172,0.01335295,"CDK19","UP"
"203","ENSG00000155115",2058.51,-1.116499,0.06296595,5.737583e-72,3.288306e-70,"GTF3C6","DOWN",977.8381,-0.9196935,0.16833956,2.261827e-09,2.600962e-07,"GTF3C6","DOWN"
"204","ENSG00000155959",2937.385,-0.6722521,0.05154566,1.920766e-39,4.378275e-38,"VBP1","DOWN",3838.908,-0.4422577,0.14315503,1.991813e-05,0.000790986,"VBP1","DOWN"
"205","ENSG00000156239",415.4229,-0.3629619,0.13274291,0.004124228,0.01058398,"N6AMT1","DOWN",834.3251,-0.2795167,0.15784906,0.002454459,0.03975463,"N6AMT1","DOWN"
"206","ENSG00000157227",71.52689,-1.712671,0.35380319,7.804282e-09,3.979697e-08,"MMP14","DOWN",2302.732,-0.5745068,0.15167551,1.718654e-06,9.973515e-05,"MMP14","DOWN"
"207","ENSG00000157350",1101.409,-0.6747493,0.11215412,4.60701e-10,2.606505e-09,"ST3GAL2","DOWN",1619.374,-0.4094458,0.20030823,0.000527607,0.01208032,"ST3GAL2","DOWN"
"208","ENSG00000157483",797.2708,-0.8203435,0.11221685,3.608855e-14,2.706642e-13,"MYO1E","DOWN",645.3376,-1.008807,0.17432135,2.814878e-10,3.879564e-08,"MYO1E","DOWN"
"209","ENSG00000157500",2937.887,0.3007562,0.05498943,3.492671e-08,1.691894e-07,"APPL1","UP",5288.859,0.2820127,0.13616603,0.001213155,0.02340895,"APPL1","UP"
"210","ENSG00000158019",1152.016,0.4766214,0.09027001,6.610572e-08,3.120049e-07,"BABAM2","UP",3900.195,0.249836,0.11887544,0.001626821,0.02940514,"BABAM2","UP"
"211","ENSG00000158301",2363.089,-0.169145,0.0573493,0.002927975,0.007737218,"GPRASP2","DOWN",1374.057,-0.730322,0.1260563,3.801626e-10,5.089834e-08,"GPRASP2","DOWN"
"212","ENSG00000158864",2298.13,-0.1892091,0.05803555,0.001003338,0.002869931,"NDUFS2","DOWN",3220.543,-0.6245871,0.11045426,4.084902e-10,5.392071e-08,"NDUFS2","DOWN"
"213","ENSG00000158966",1214.84,-0.6432861,0.07202525,1.263024e-19,1.261024e-18,"CACHD1","DOWN",1195.403,-0.304631,0.15560187,0.001271085,0.02428666,"CACHD1","DOWN"
"214","ENSG00000159352",5975.327,-0.6782872,0.03938324,4.780814e-67,2.441867e-65,"PSMD4","DOWN",5652.822,-0.4305349,0.12230383,4.257774e-06,0.0002128206,"PSMD4","DOWN"
"215","ENSG00000159388",530.2632,-0.2635727,0.10028441,0.006926236,0.01701864,"BTG2","DOWN",1753.609,-0.6509115,0.13096448,1.679801e-08,1.590212e-06,"BTG2","DOWN"
"216","ENSG00000161533",1173.346,-0.2860372,0.09141899,0.00137193,0.003839141,"ACOX1","DOWN",3970.28,-0.3313102,0.12827127,0.0001979172,0.005399941,"ACOX1","DOWN"
"217","ENSG00000161970",16185.94,-0.558761,0.03422034,2.539889e-60,1.096725e-58,"RPL26","DOWN",14996.65,-0.4290078,0.14488629,3.21567e-05,0.001191217,"RPL26","DOWN"
"218","ENSG00000162139",973.4805,0.2975986,0.0791185,0.0001302133,0.0004285094,"NEU3","UP",1483.059,0.2630318,0.15244697,0.003192325,0.04760297,"NEU3","UP"
"219","ENSG00000162244",22202.17,-0.4347496,0.03212158,5.724208e-42,1.428786e-40,"RPL29","DOWN",8838.083,-0.2309004,0.1126997,0.002312002,0.03814803,"RPL29","DOWN"
"220","ENSG00000162407",460.2365,-0.5561413,0.11352398,3.813868e-07,1.673687e-06,"PLPP3","DOWN",379.6432,-0.620643,0.2226861,4.96364e-05,0.001691609,"PLPP3","DOWN"
"221","ENSG00000163110",1782.011,-0.1968287,0.07010224,0.004444884,0.01133831,"PDLIM5","DOWN",2392.735,-0.3540137,0.12507095,7.753706e-05,0.002440809,"PDLIM5","DOWN"
"222","ENSG00000163132",906.0698,-0.4879758,0.08820507,1.567862e-08,7.803943e-08,"MSX1","DOWN",121.5441,-0.4659222,0.37178456,0.002669134,0.04232677,"MSX1","DOWN"
"223","ENSG00000163293",427.432,0.3038688,0.11952542,0.008233068,0.01991175,"NIPAL1","UP",910.7683,0.3263658,0.18965856,0.001863547,0.03246312,"NIPAL1","UP"
"224","ENSG00000163430",6880.595,0.1843994,0.03745171,7.729332e-07,3.296882e-06,"FSTL1","UP",39226.03,0.3489579,0.11200387,3.266112e-05,0.001205118,"FSTL1","UP"
"225","ENSG00000163624",690.8743,0.5303308,0.08737263,5.604274e-10,3.142524e-09,"CDS1","UP",396.9102,0.6322701,0.27955037,0.000191001,0.00524176,"CDS1","UP"
"226","ENSG00000163913",630.317,-0.5821634,0.10435701,8.86012e-09,4.504575e-08,"IFT122","DOWN",1213.119,-0.4019581,0.17883645,0.0003144475,0.007932712,"IFT122","DOWN"
"227","ENSG00000164040",2241.217,-0.1956313,0.0685325,0.003846188,0.009939816,"PGRMC2","DOWN",3554.563,-0.3450885,0.11619246,5.440235e-05,0.001814444,"PGRMC2","DOWN"
"228","ENSG00000164176",587.3445,0.7881896,0.10408362,5.825648e-15,4.58427e-14,"EDIL3","UP",53105.35,0.3836654,0.10118894,1.938234e-06,0.0001100917,"EDIL3","UP"
"229","ENSG00000164181",467.481,0.6852373,0.1100863,1.197706e-10,7.062366e-10,"ELOVL7","UP",1374.583,0.7829326,0.14798178,6.110299e-09,6.544654e-07,"ELOVL7","UP"
"230","ENSG00000164251",941.6455,-0.2549976,0.0870669,0.002797541,0.007424554,"F2RL1","DOWN",2181.009,-0.4486854,0.14054944,1.364942e-05,0.0005698101,"F2RL1","DOWN"
"231","ENSG00000164323",2582.085,0.591887,0.05371514,1.127129e-28,1.721115e-27,"CFAP97","UP",2765.145,0.2283741,0.11679329,0.002933191,0.04523557,"CFAP97","UP"
"232","ENSG00000164403",828.0295,0.3135756,0.11180794,0.003716331,0.009622254,"SHROOM1","UP",562.9131,0.6056015,0.26019535,0.0001679584,0.004719959,"SHROOM1","UP"
"233","ENSG00000164663",955.435,0.3892059,0.10347237,0.0001071026,0.0003562283,"USP49","UP",1168.923,0.4443167,0.17714661,0.0001275453,0.003725888,"USP49","UP"
"234","ENSG00000164674",55.65466,2.012762,0.35556055,1.2088e-10,7.122074e-10,"SYTL3","UP",622.7615,0.9366557,0.18986285,3.043674e-08,2.716696e-06,"SYTL3","UP"
"235","ENSG00000164687",1809.697,-1.045012,0.06018042,5.910423e-69,3.173077e-67,"FABP5","DOWN",4581.142,-0.3411551,0.14391274,0.0003269453,0.008192864,"FABP5","DOWN"
"236","ENSG00000164695",187.1806,0.6265479,0.1622145,3.308776e-05,0.000118098,"CHMP4C","UP",462.7615,0.4928047,0.21711685,0.0002261947,0.005988408,"CHMP4C","UP"
"237","ENSG00000164751",750.0318,-0.4937554,0.10044789,4.287071e-07,1.87056e-06,"PEX2","DOWN",1893.214,-0.3036991,0.13727133,0.0006909334,0.01505913,"PEX2","DOWN"
"238","ENSG00000164976",449.0133,0.5095607,0.11885868,8.255809e-06,3.164775e-05,"MYORG","UP",2934.059,0.4296792,0.14847798,4.006741e-05,0.001430521,"MYORG","UP"
"239","ENSG00000164978",249.1976,-0.9231663,0.14613867,2.029354e-11,1.259924e-10,"NUDT2","DOWN",484.5526,-0.7369308,0.20048818,3.913039e-06,0.0002003989,"NUDT2","DOWN"
"240","ENSG00000165006",945.0589,-0.5155941,0.08397469,3.786887e-10,2.152993e-09,"UBAP1","DOWN",2581.324,-0.2826396,0.12417478,0.0007349608,0.01579829,"UBAP1","DOWN"
"241","ENSG00000165055",1780.102,-0.8521491,0.06972497,2.850359e-35,5.521789e-34,"METTL2B","DOWN",1048.464,-0.3135712,0.17410545,0.001701306,0.03026264,"METTL2B","DOWN"
"242","ENSG00000165102",1001.862,1.261148,0.08365195,2.282226e-53,8.296097e-52,"HGSNAT","UP",1272.964,0.5845413,0.19389963,2.503072e-05,0.0009687151,"HGSNAT","UP"
"243","ENSG00000165152",812.5121,-0.2498046,0.08270214,0.002093403,0.005679446,"PGAP4","DOWN",828.4728,-0.326188,0.17003906,0.001169433,0.022694,"PGAP4","DOWN"
"244","ENSG00000165244",811.9887,0.2083285,0.0824977,0.01012536,0.02402581,"ZNF367","UP",2329.915,0.2698755,0.12243089,0.001010885,0.02035235,"ZNF367","UP"
"245","ENSG00000165323",614.6751,0.9672756,0.16959126,6.802913e-10,3.790563e-09,"FAT3","UP",758.793,0.8710369,0.17731592,3.723679e-08,3.261525e-06,"FAT3","UP"
"246","ENSG00000165655",9066.245,-0.4317282,0.03943414,3.994336e-28,5.927037e-27,"ZNF503","DOWN",874.5596,-0.419775,0.1792475,0.0002242106,0.005965075,"ZNF503","DOWN"
"247","ENSG00000165810",357.3231,0.9581491,0.16592639,4.728919e-10,2.671072e-09,"BTNL9","UP",886.5175,1.001441,0.1658242,6.48667e-11,1.021732e-08,"BTNL9","UP"
"248","ENSG00000165934",3332.319,-1.259191,0.06563206,4.774765e-84,3.683748e-82,"CPSF2","DOWN",4344.425,-0.2673211,0.13919215,0.002001827,0.03423563,"CPSF2","DOWN"
"249","ENSG00000165959",479.9216,0.7494257,0.18220339,6.770828e-06,2.620057e-05,"CLMN","UP",939.4331,0.7380078,0.1541445,5.806867e-08,4.816102e-06,"CLMN","UP"
"250","ENSG00000166033",778.3669,1.464833,0.09585975,5.280122e-55,2.019166e-53,"HTRA1","UP",144.275,0.5749652,0.393004,0.001228874,0.02364889,"HTRA1","UP"
"251","ENSG00000166147",780.7904,-0.5061414,0.11841214,8.834134e-06,3.374743e-05,"FBN1","DOWN",2642.273,-0.2719478,0.13068295,0.001321594,0.02494658,"FBN1","DOWN"
"252","ENSG00000166341",516.5301,1.86235,0.1131595,1.216156e-62,5.637497e-61,"DCHS1","UP",2948.986,0.5232745,0.18578898,4.480024e-05,0.001560847,"DCHS1","UP"
"253","ENSG00000166483",2238.615,0.4839795,0.05665794,6.71141e-18,6.1626e-17,"WEE1","UP",5196.442,0.2197714,0.10237716,0.002122614,0.03555521,"WEE1","UP"
"254","ENSG00000166503",3362.946,-0.6009957,0.0481497,3.318605e-36,6.638714e-35,"HDGFL3","DOWN",7326.849,-0.2694136,0.14106943,0.002004322,0.03424705,"HDGFL3","DOWN"
"255","ENSG00000166848",1792.29,-0.8579406,0.06076839,3.422682e-46,1.001611e-44,"TERF2IP","DOWN",1096.875,-0.7630107,0.14083047,3.103701e-09,3.462843e-07,"TERF2IP","DOWN"
"256","ENSG00000167123",1076.671,-0.2766545,0.07497967,0.0001793979,0.000577702,"CERCAM","DOWN",804.2048,-0.3193585,0.18224888,0.001821965,0.0318275,"CERCAM","DOWN"
"257","ENSG00000167196",2446.161,-0.2609477,0.05953672,9.633844e-06,3.661857e-05,"FBXO22","DOWN",4375.973,-0.247736,0.118362,0.001701708,0.03026264,"FBXO22","DOWN"
"258","ENSG00000167601",36.4434,1.244526,0.43213599,6.080361e-05,0.0002091398,"AXL","UP",24909.36,0.2373966,0.10569929,0.001349409,0.02533669,"AXL","UP"
"259","ENSG00000167766",492.4043,1.190877,0.11626892,1.936455e-26,2.692368e-25,"ZNF83","UP",1448.542,0.3775124,0.15040325,0.0001701744,0.004767936,"ZNF83","UP"
"260","ENSG00000167930",1668.418,0.9368578,0.07845234,5.358213e-34,9.910224e-33,"FAM234A","UP",1563.325,0.3061537,0.18641369,0.002583701,0.04125118,"FAM234A","UP"
"261","ENSG00000168116",778.832,-0.4577423,0.1033024,5.011548e-06,1.975345e-05,"KIAA1586","DOWN",1128.712,-0.2777821,0.14978275,0.002076797,0.03494387,"KIAA1586","DOWN"
"262","ENSG00000168291",3136.868,-0.1677031,0.04727213,0.0003587741,0.001102863,"PDHB","DOWN",2781.795,-0.3335894,0.14852674,0.0004845463,0.01133875,"PDHB","DOWN"
"263","ENSG00000168394",1297.985,-0.1953636,0.07758696,0.01050787,0.02483463,"TAP1","DOWN",596.92,-0.8654998,0.16211397,4.794024e-09,5.164321e-07,"TAP1","DOWN"
"264","ENSG00000168542",200.6581,-1.382747,0.17619208,2.881863e-17,2.561979e-16,"COL3A1","DOWN",2732.716,-1.330708,0.12111827,7.153722e-30,1.489882e-26,"COL3A1","DOWN"
"265","ENSG00000168769",601.2889,-0.6091659,0.11046196,1.156023e-08,5.834322e-08,"TET2","DOWN",3693.298,-0.876339,0.11371107,1.057275e-15,3.885795e-13,"TET2","DOWN"
"266","ENSG00000169184",360.1954,-0.3017662,0.12133585,0.009656505,0.02302721,"MN1","DOWN",3373.764,-1.053569,0.15798813,9.119819e-13,2.035022e-10,"MN1","DOWN"
"267","ENSG00000169252",120.2449,-0.5847222,0.20481679,0.001398907,0.003910665,"ADRB2","DOWN",448.8207,-0.7509937,0.19691869,2.535298e-06,0.0001381442,"ADRB2","DOWN"
"268","ENSG00000169299",1484.259,-0.5003924,0.07380389,5.794692e-12,3.750656e-11,"PGM2","DOWN",1491.006,-0.4183013,0.1609381,0.0001060178,0.003174438,"PGM2","DOWN"
"269","ENSG00000169432",140.6138,1.837748,0.26370265,2.801863e-14,2.123046e-13,"SCN9A","UP",1024.315,0.6294201,0.14856606,3.736082e-07,2.652618e-05,"SCN9A","UP"
"270","ENSG00000169435",13.51862,0.7524647,0.54178033,0.0142762,0.03279907,"RASSF6","UP",137.3451,1.913407,0.36562555,1.961948e-09,2.29162e-07,"RASSF6","UP"
"271","ENSG00000169570",897.0876,-0.3532449,0.11227916,0.001128819,0.003205172,"DTWD2","DOWN",1220.422,-0.5713716,0.16065442,4.013317e-06,0.0002033125,"DTWD2","DOWN"
"272","ENSG00000169689",2222.095,-1.507377,0.05505054,2.271259e-167,7.479901e-165,"CENPX","DOWN",1317.153,-0.2694113,0.14828217,0.002457396,0.03975463,"CENPX","DOWN"
"273","ENSG00000169851",2734.845,-0.7221485,0.07473653,9.520801e-23,1.115056e-21,"PCDH7","DOWN",426.6152,-0.8518394,0.20229719,6.688132e-07,4.429765e-05,"PCDH7","DOWN"
"274","ENSG00000169946",302.0252,-0.6092013,0.14514885,8.658175e-06,3.312112e-05,"ZFPM2","DOWN",223.5765,-0.8823556,0.31294197,3.770128e-05,0.001366872,"ZFPM2","DOWN"
"275","ENSG00000170153",1551.238,0.3585977,0.06312406,9.260017e-09,4.703552e-08,"RNF150","UP",3749.231,0.2742313,0.12435919,0.0009601532,0.01958336,"RNF150","UP"
"276","ENSG00000170161",104.0593,-1.868983,0.24947103,6.803288e-16,5.618059e-15,"FAM88B","DOWN",180.4668,-1.65198,0.26285044,6.029749e-12,1.171688e-09,"FAM88B","DOWN"
"277","ENSG00000170234",949.0842,-0.5123512,0.08241814,2.356123e-10,1.358094e-09,"PWWP2A","DOWN",819.2288,-0.3292668,0.18640049,0.001641696,0.02951637,"PWWP2A","DOWN"
"278","ENSG00000170265",2882.015,-0.1652671,0.05024384,0.0009283998,0.002668378,"ZNF282","DOWN",244.7332,-0.578593,0.42355265,0.001443114,0.02667626,"ZNF282","DOWN"
"279","ENSG00000170522",1323.429,-0.558463,0.12193926,1.814795e-06,7.473207e-06,"ELOVL6","DOWN",1699.562,-0.4974571,0.2202212,0.0002310486,0.006099682,"ELOVL6","DOWN"
"280","ENSG00000170899",1051.332,-0.1823538,0.07645181,0.01541424,0.03509237,"GSTA4","DOWN",1772.948,-0.8072794,0.13040539,4.373671e-11,7.191237e-09,"GSTA4","DOWN"
"281","ENSG00000171202",556.0435,-1.034699,0.10037459,2.626127e-26,3.63067e-25,"TMEM126A","DOWN",756.2942,-0.5683421,0.18192215,1.742866e-05,0.0007059884,"TMEM126A","DOWN"
"282","ENSG00000171444",1569.505,-0.3887657,0.09598888,3.262585e-05,0.0001165624,"MCC","DOWN",4347.22,-0.2215022,0.10716435,0.002496005,0.04026258,"MCC","DOWN"
"283","ENSG00000171617",707.6583,-0.392285,0.09645186,3.007833e-05,0.000108003,"ENC1","DOWN",21694.3,-0.2882129,0.13656094,0.001035814,0.02078725,"ENC1","DOWN"
"284","ENSG00000171862",2578.343,-0.4943103,0.06582313,2.920451e-14,2.211385e-13,"PTEN","DOWN",3140.065,-0.2583932,0.12405332,0.001534846,0.02798555,"PTEN","DOWN"
"285","ENSG00000171928",1646.842,-0.1862943,0.0690225,0.006267874,0.01553591,"TVP23B","DOWN",1812.421,-0.3149327,0.17038488,0.001507365,0.02754087,"TVP23B","DOWN"
"286","ENSG00000172037",1342.699,0.3887345,0.09496879,2.712167e-05,9.783221e-05,"LAMB2","UP",5312.68,0.2633446,0.10373516,0.0004716879,0.01107934,"LAMB2","UP"
"287","ENSG00000172331",1191.357,-0.4803655,0.06992957,3.301584e-12,2.170076e-11,"BPGM","DOWN",388.4898,-0.4938843,0.23207827,0.0003298858,0.008244506,"BPGM","DOWN"
"288","ENSG00000173258",531.4788,0.4126096,0.12798994,0.0007468779,0.002180164,"ZNF483","UP",278.5926,0.7401804,0.26831795,5.153243e-05,0.001740403,"ZNF483","UP"
"289","ENSG00000173559",578.09,0.4773954,0.10960058,6.686341e-06,2.59273e-05,"NABP1","UP",3433.413,0.6987849,0.11471802,5.982737e-11,9.51233e-09,"NABP1","UP"
"290","ENSG00000173598",2515.393,-0.612535,0.05278764,1.337149e-31,2.259126e-30,"NUDT4","DOWN",3401.121,-0.2214653,0.10881343,0.002681941,0.04245803,"NUDT4","DOWN"
"291","ENSG00000173705",479.9623,-0.4201031,0.11809342,0.0002185769,0.0006955437,"SUSD5","DOWN",1113.108,-0.3049041,0.15704135,0.001317406,0.0248926,"SUSD5","DOWN"
"292","ENSG00000174705",1472.289,-0.3331903,0.08154351,3.166182e-05,0.0001133936,"SH3PXD2B","DOWN",4160.572,-0.3008249,0.13603945,0.0007127793,0.01546351,"SH3PXD2B","DOWN"
"293","ENSG00000174804",804.3306,1.169995,0.1062911,6.021906e-30,9.628504e-29,"FZD4","UP",2173.461,0.5713961,0.1345835,2.656841e-07,1.952934e-05,"FZD4","UP"
"294","ENSG00000174842",1060.126,-0.7288973,0.08500576,2.099066e-18,1.977622e-17,"GLMN","DOWN",597.7686,-0.6253282,0.19218872,1.255402e-05,0.0005318249,"GLMN","DOWN"
"295","ENSG00000175093",219.7935,-1.017969,0.15900062,6.664339e-12,4.289634e-11,"SPSB4","DOWN",222.1691,-0.5057708,0.36013069,0.001729164,0.03057684,"SPSB4","DOWN"
"296","ENSG00000176399",111.0665,-0.6441372,0.21334606,0.0006519234,0.001923344,"DMRTA1","DOWN",724.5016,-0.5722438,0.17272065,9.404572e-06,0.000415753,"DMRTA1","DOWN"
"297","ENSG00000176658",3073.75,0.3987026,0.05355061,6.137137e-14,4.530476e-13,"MYO1D","UP",2567.535,0.5648178,0.17024816,9.131951e-06,0.0004075459,"MYO1D","UP"
"298","ENSG00000177283",847.1108,-0.4371769,0.07971777,2.37653e-08,1.166329e-07,"FZD8","DOWN",132.1039,-0.9239854,0.40554556,0.0001106396,0.003281375,"FZD8","DOWN"
"299","ENSG00000178127",1811.416,-0.3417668,0.06120077,1.677959e-08,8.33944e-08,"NDUFV2","DOWN",2576.371,-0.2920495,0.14067364,0.001081481,0.02145109,"NDUFV2","DOWN"
"300","ENSG00000178425",1804.579,-0.1914378,0.06862052,0.004728391,0.0119908,"NT5DC1","DOWN",815.5709,-0.7201448,0.20202177,5.456485e-06,0.00026428,"NT5DC1","DOWN"
"301","ENSG00000178573",1179.728,-1.303293,0.09083567,8.777551e-49,2.83153e-47,"MAF","DOWN",2461.877,-0.8659087,0.113338,1.836557e-15,6.258987e-13,"MAF","DOWN"
"302","ENSG00000178764",792.7927,-0.7338278,0.10255677,1.701532e-13,1.219367e-12,"ZHX2","DOWN",1153.82,-0.7974626,0.14171767,1.089185e-09,1.325694e-07,"ZHX2","DOWN"
"303","ENSG00000178878",479.6651,1.850428,0.15533193,1.39062e-34,2.618091e-33,"APOLD1","UP",584.7554,0.619116,0.19105596,1.295983e-05,0.0005446615,"APOLD1","UP"
"304","ENSG00000178904",1284.677,0.1814532,0.07649961,0.0159934,0.03628361,"DPY19L3","UP",1642.966,0.6564807,0.18611184,5.528033e-06,0.0002662068,"DPY19L3","UP"
"305","ENSG00000179163",1291.895,0.4530058,0.06815248,1.650724e-11,1.030539e-10,"FUCA1","UP",454.3032,0.3444562,0.21053741,0.0020187,0.03440003,"FUCA1","UP"
"306","ENSG00000179240",680.9546,1.400518,0.12421959,1.039457e-31,1.761568e-30,"GVQW3","UP",941.5865,0.5918554,0.17472669,7.624477e-06,0.0003460368,"GVQW3","UP"
"307","ENSG00000180287",148.6048,0.7001467,0.19711023,8.033476e-05,0.0002721195,"PLD5","UP",898.1462,0.3186185,0.17178414,0.001442386,0.02667626,"PLD5","UP"
"308","ENSG00000180818",465.008,-0.420062,0.12993037,0.000708988,0.002078361,"HOXC10","DOWN",544.6664,-0.2979258,0.18303373,0.002847962,0.04422718,"HOXC10","DOWN"
"309","ENSG00000180998",200.6955,0.6474737,0.18467176,0.0001203127,0.0003980059,"GPR137C","UP",1411.914,0.3223214,0.1526735,0.0007509956,0.01597805,"GPR137C","UP"
"310","ENSG00000181381",148.9895,2.168982,0.24218409,5.843567e-21,6.277424e-20,"DDX60L","UP",2254.557,0.4460226,0.15122995,3.173544e-05,0.001180256,"DDX60L","UP"
"311","ENSG00000181450",1126.958,-0.1827469,0.07894635,0.01860143,0.04143772,"ZNF678","DOWN",1798.098,-0.4295408,0.14319613,2.818403e-05,0.001069396,"ZNF678","DOWN"
"312","ENSG00000183087",303.9505,1.849551,0.16551773,7.160157e-31,1.180784e-29,"GAS6","UP",1249.517,0.5007455,0.18641705,6.752523e-05,0.002183269,"GAS6","UP"
"313","ENSG00000183336",953.4713,-0.9122727,0.08427943,2.25899e-28,3.39541e-27,"BOLA2","DOWN",356.3896,-0.7842057,0.2154232,4.524586e-06,0.0002225954,"BOLA2","DOWN"
"314","ENSG00000183337",6546.513,-0.8325545,0.05086233,4.266856e-61,1.894329e-59,"BCOR","DOWN",3731.255,-0.2409627,0.11353501,0.001727356,0.03057684,"BCOR","DOWN"
"315","ENSG00000183826",828.0623,0.244249,0.07957765,0.001796061,0.004932795,"BTBD9","UP",879.8063,0.304847,0.16074873,0.001465108,0.02694993,"BTBD9","UP"
"316","ENSG00000184677",2217.567,-0.3442026,0.05703051,1.130362e-09,6.184341e-09,"ZBTB40","DOWN",3436.29,-0.3066972,0.11269571,0.0001721558,0.004809075,"ZBTB40","DOWN"
"317","ENSG00000184840",4314.883,-0.6417614,0.05206472,1.99634e-35,3.91201e-34,"TMED9","DOWN",3702.702,-0.2905253,0.11856424,0.0004322803,0.01025653,"TMED9","DOWN"
"318","ENSG00000184983",1886.803,-0.6696403,0.07673173,7.077912e-19,6.810908e-18,"NDUFA6","DOWN",3105.769,-0.2773371,0.14751738,0.001971393,0.03392379,"NDUFA6","DOWN"
"319","ENSG00000185088",789.2491,-0.7578648,0.0926313,5.184053e-17,4.533735e-16,"RPS27L","DOWN",7432.64,-0.7889791,0.11678955,1.208449e-12,2.560791e-10,"RPS27L","DOWN"
"320","ENSG00000185219",2048.211,0.2846059,0.05785032,6.879529e-07,2.948083e-06,"ZNF445","UP",7235.505,0.2119682,0.10290986,0.002860114,0.04434241,"ZNF445","UP"
"321","ENSG00000185272",158.8425,0.455006,0.2269513,0.02148651,0.04711784,"RBM11","UP",253.9852,0.5647312,0.2788942,0.0003744462,0.00916269,"RBM11","UP"
"322","ENSG00000185811",73.62197,1.193538,0.32201223,3.670153e-06,1.471863e-05,"IKZF1","UP",82.56986,0.649456,0.50073401,0.001254704,0.02402996,"IKZF1","UP"
"323","ENSG00000185904",57.46014,4.609823,0.54570962,5.31097e-20,5.410275e-19,"LINC00839","UP",1377.644,0.5009686,0.14621736,5.620784e-06,0.0002683073,"LINC00839","UP"
"324","ENSG00000186310",392.908,-0.648684,0.11654871,7.424916e-09,3.795894e-08,"NAP1L3","DOWN",1145.45,-0.5168752,0.16645339,1.765132e-05,0.0007115191,"NAP1L3","DOWN"
"325","ENSG00000186462",259.5999,-0.5714887,0.14546268,3.119368e-05,0.0001118078,"NAP1L2","DOWN",1418.005,-1.219583,0.14835171,3.91031e-18,2.221056e-15,"NAP1L2","DOWN"
"326","ENSG00000186501",1033.781,-0.3498565,0.07892777,6.506649e-06,2.527627e-05,"TMEM222","DOWN",539.501,-0.4094779,0.2178592,0.0008073431,0.01694607,"TMEM222","DOWN"
"327","ENSG00000186918",1752.765,0.7079703,0.06296476,5.807931e-30,9.293111e-29,"ZNF395","UP",1101.775,0.6699688,0.17882709,2.730556e-06,0.000147566,"ZNF395","UP"
"328","ENSG00000186976",50.69494,0.9682416,0.33254651,0.0001789948,0.0005765722,"EFCAB6","UP",82.54254,0.5544864,0.45907962,0.002018627,0.03440003,"EFCAB6","UP"
"329","ENSG00000187186",66.9022,0.7739405,0.26961231,0.0005545623,0.001657153,"LOC730098","UP",85.40931,1.61919,0.40925331,5.869686e-07,3.986282e-05,"LOC730098","UP"
"330","ENSG00000187772",3805.602,-1.11897,0.04931484,1.321961e-115,1.846144e-113,"LIN28B","DOWN",921.7943,-0.4029764,0.19340391,0.0004882645,0.01141151,"LIN28B","DOWN"
"331","ENSG00000188690",1501.919,0.2866952,0.06892927,2.515986e-05,9.112807e-05,"UROS","UP",852.2839,0.2898923,0.15922853,0.00199277,0.03416293,"UROS","UP"
"332","ENSG00000188811",392.9653,0.4143577,0.11909974,0.0002975893,0.000926006,"NHLRC3","UP",1005.658,0.5635688,0.16159116,5.034374e-06,0.0002451021,"NHLRC3","UP"
"333","ENSG00000189184",267.5792,-0.3845114,0.14741374,0.005659262,0.01414976,"PCDH18","DOWN",1817.034,-0.7348754,0.1400024,6.693671e-09,7.128759e-07,"PCDH18","DOWN"
"334","ENSG00000189369",197.3185,-0.4195573,0.16420842,0.005982273,0.01488989,"GSPT2","DOWN",1039.288,-0.3836683,0.15508971,0.0001821153,0.0050422,"GSPT2","DOWN"
"335","ENSG00000196072",1449.469,-0.3831228,0.06698279,6.982006e-09,3.581911e-08,"BLOC1S2","DOWN",935.0227,-0.408354,0.16019043,0.0001285431,0.003741322,"BLOC1S2","DOWN"
"336","ENSG00000196531",16405.43,-0.4804537,0.03285801,1.0517e-48,3.387702e-47,"NACA","DOWN",12577.31,-0.281414,0.11550839,0.0004970942,0.01157458,"NACA","DOWN"
"337","ENSG00000196605",98.09732,0.826974,0.25744741,0.0001421306,0.0004655057,"ZNF846","UP",183.3579,0.8657704,0.319809,4.993554e-05,0.001698715,"ZNF846","UP"
"338","ENSG00000196678",877.9777,-0.2567668,0.08126173,0.001297601,0.003645475,"ERI2","DOWN",1456.702,-0.5574107,0.1542579,3.13191e-06,0.0001644385,"ERI2","DOWN"
"339","ENSG00000196683",2420.676,-0.9532807,0.05406848,9.800266e-71,5.474503e-69,"TOMM7","DOWN",3073.476,-0.3029706,0.13413564,0.0006195757,0.01382539,"TOMM7","DOWN"
"340","ENSG00000196782",356.3474,-0.6118391,0.12039049,1.212865e-07,5.58004e-07,"MAML3","DOWN",336.6636,-0.6501383,0.29622434,0.0002178932,0.005842903,"MAML3","DOWN"
"341","ENSG00000196872",83.18682,0.5748895,0.24565228,0.006093849,0.01512835,"CRACDL","UP",218.902,0.7935774,0.36398679,0.0001744698,0.004852021,"CRACDL","UP"
"342","ENSG00000196911",1316.087,-0.6552952,0.07540558,1.035365e-18,9.8812e-18,"KPNA5","DOWN",622.7833,-0.4217834,0.23628504,0.0009755982,0.01979071,"KPNA5","DOWN"
"343","ENSG00000197111",17964.38,0.1736389,0.03011004,7.438364e-09,3.801888e-08,"PCBP2","UP",33746.29,0.2058308,0.09464821,0.002359545,0.03864127,"PCBP2","UP"
"344","ENSG00000197603",869.8905,0.3894183,0.11362037,0.0003838575,0.00117408,"CPLANE1","UP",5466.579,0.4917779,0.13222255,1.796904e-06,0.0001033165,"CPLANE1","UP"
"345","ENSG00000198015",3578.219,-0.6608163,0.06209482,5.365208e-27,7.637633e-26,"MRPL42","DOWN",2092.495,-0.3045565,0.15731049,0.00133877,0.02521772,"MRPL42","DOWN"
"346","ENSG00000198089",867.8085,0.2797908,0.0970847,0.003113879,0.008180467,"SFI1","UP",938.039,0.2660217,0.15373938,0.003062876,0.04637363,"SFI1","UP"
"347","ENSG00000198157",2084.629,-0.433066,0.06437007,1.002316e-11,6.364348e-11,"HMGN5","DOWN",3148.915,-0.7938086,0.1378337,5.287306e-10,6.834846e-08,"HMGN5","DOWN"
"348","ENSG00000198399",1135.948,-0.399197,0.10060258,4.496273e-05,0.0001574766,"ITSN2","DOWN",3589.674,-0.393994,0.13984994,6.05669e-05,0.001981267,"ITSN2","DOWN"
"349","ENSG00000198467",179.8702,-0.5029272,0.17278328,0.001596109,0.004413301,"TPM2","DOWN",9523.4,-0.2149533,0.10774086,0.003184552,0.04756274,"TPM2","DOWN"
"350","ENSG00000198586",1452.207,-0.393975,0.09602277,2.568919e-05,9.293963e-05,"TLK1","DOWN",5644.337,-0.3555126,0.10946082,1.956442e-05,0.0007802458,"TLK1","DOWN"
"351","ENSG00000198722",1219.525,-0.3720086,0.07424838,3.632606e-07,1.597637e-06,"UNC13B","DOWN",1586.331,-0.6705916,0.12462887,2.514563e-09,2.856543e-07,"UNC13B","DOWN"
"352","ENSG00000198732",2666.156,0.6347296,0.05500495,2.607921e-31,4.356077e-30,"SMOC1","UP",1805.05,1.320204,0.40081228,5.985356e-06,0.0002818832,"SMOC1","UP"
"353","ENSG00000198796",92.27201,3.324429,0.34072989,3.130641e-26,4.311959e-25,"ALPK2","UP",2752.304,0.2258779,0.11177177,0.002620237,0.04165711,"ALPK2","UP"
"354","ENSG00000198843",2030.094,-0.7493099,0.05685406,2.266112e-40,5.38812e-39,"SELENOT","DOWN",2571.721,-0.3447991,0.13934357,0.0002384237,0.006224255,"SELENOT","DOWN"
"355","ENSG00000198874",769.76,-0.7601043,0.10689067,2.082236e-13,1.483038e-12,"TYW1","DOWN",1222.616,-0.2581846,0.14524856,0.003012528,0.04585289,"TYW1","DOWN"
"356","ENSG00000198890",1688.148,-0.5722202,0.06549897,9.32182e-19,8.91187e-18,"PRMT6","DOWN",1376.3,-0.3135705,0.14312181,0.0006639443,0.01460677,"PRMT6","DOWN"
"357","ENSG00000203326",221.6092,0.5336714,0.21151219,0.004456909,0.01136373,"ZNF525","UP",1714.463,0.4273481,0.14363009,3.083466e-05,0.001149036,"ZNF525","UP"
"358","ENSG00000204186",2607.999,0.7491319,0.05967499,7.479033e-37,1.528008e-35,"ZDBF2","UP",3027.133,0.3491648,0.1203213,6.485329e-05,0.002110434,"ZDBF2","UP"
"359","ENSG00000204272",1031.654,-0.3180027,0.08433522,0.000120732,0.0003992135,"NBDY","DOWN",1230.673,-0.3719402,0.14855221,0.0001795623,0.004983858,"NBDY","DOWN"
"360","ENSG00000204802",62.74789,-0.8117211,0.32780133,0.001374311,0.00384483,"FAM88C","DOWN",270.9854,-2.183529,0.22138727,9.521729e-25,1.049855e-21,"FAM88C","DOWN"
"361","ENSG00000205268",857.6687,0.1971915,0.08681121,0.02047743,0.04512929,"PDE7A","UP",3642.35,0.3974527,0.12662824,2.040186e-05,0.0008063822,"PDE7A","UP"
"362","ENSG00000205352",1843.462,-1.019665,0.06260231,5.465608e-61,2.411973e-59,"PRR13","DOWN",1354.938,-0.3887902,0.14653769,0.0001039177,0.003116534,"PRR13","DOWN"
"363","ENSG00000205885",8.677348,2.525844,1.86746584,7.7524e-05,0.0002631642,"C1RL-AS1","UP",770.6193,0.4190298,0.20063528,0.0004516451,0.01066201,"C1RL-AS1","UP"
"364","ENSG00000205978",1607.559,-0.2501709,0.0689122,0.0002359209,0.0007462148,"NYNRIN","DOWN",1659.449,-0.4266371,0.18205555,0.0002176607,0.005842903,"NYNRIN","DOWN"
"365","ENSG00000206538",381.8864,-0.643232,0.1469088,3.366953e-06,1.353866e-05,"VGLL3","DOWN",1124.656,-0.9689108,0.15263383,1.079927e-11,1.946361e-09,"VGLL3","DOWN"
"366","ENSG00000213190",708.8981,-0.5404222,0.09124731,1.339978e-09,7.278834e-09,"MLLT11","DOWN",3102.843,-0.803494,0.12345656,6.063473e-12,1.171688e-09,"MLLT11","DOWN"
"367","ENSG00000213390",1821.524,-1.249499,0.06340868,1.995987e-88,1.668237e-86,"ARHGAP19","DOWN",631.7902,-1.152229,0.17513063,1.144498e-12,2.485553e-10,"ARHGAP19","DOWN"
"368","ENSG00000213762",601.5337,-1.142567,0.12748722,6.505279e-21,6.964531e-20,"ZNF134","DOWN",1278.874,-0.304056,0.15085138,0.001113656,0.02194991,"ZNF134","DOWN"
"369","ENSG00000214338",214.0827,-0.9201552,0.16298236,1.250026e-09,6.806964e-09,"MTCL3","DOWN",279.7741,-1.029078,0.24736429,6.321892e-07,4.232055e-05,"MTCL3","DOWN"
"370","ENSG00000214425",52.78743,-0.6727165,0.29577717,0.004565616,0.01161674,NA,"DOWN",554.4086,-0.7448109,0.19366156,2.259112e-06,0.0001246217,NA,"DOWN"
"371","ENSG00000214941",938.1013,-0.5511547,0.08609639,6.303645e-11,3.798196e-10,"ZSWIM7","DOWN",286.987,-0.3785513,0.24456534,0.002067238,0.03487696,"ZSWIM7","DOWN"
"372","ENSG00000215375",273.7473,1.130439,0.16411154,1.252525e-13,9.091106e-13,"MYL5","UP",40.17103,0.6353332,0.6123896,0.001662328,0.02978841,"MYL5","UP"
"373","ENSG00000221955",6.537821,-0.7250084,0.68462829,0.01780755,0.03984621,"SLC12A8","DOWN",214.0415,-0.8708855,0.32320873,5.096709e-05,0.001724417,"SLC12A8","DOWN"
"374","ENSG00000223546",293.3652,0.7561434,0.14727058,4.987473e-08,2.383036e-07,NA,"UP",518.413,0.3291518,0.19546441,0.001991075,0.03416293,NA,"UP"
"375","ENSG00000223768",1852.385,0.3226051,0.07686009,1.992592e-05,7.298564e-05,"LINC00205","UP",2174.216,0.2438808,0.13164081,0.003025062,0.04594956,"LINC00205","UP"
"376","ENSG00000227946",88.04292,-0.8917232,0.24592369,2.29642e-05,8.361472e-05,NA,"DOWN",66.28617,-0.6071176,0.51463774,0.001701189,0.03026264,NA,"DOWN"
"377","ENSG00000231500",34046.22,-0.7711367,0.0383995,1.911043e-90,1.6733e-88,"RPS18","DOWN",8944.598,-0.6446898,0.12749191,1.063702e-08,1.077732e-06,"RPS18","DOWN"
"378","ENSG00000236824",743.6701,-0.356144,0.1094945,0.0007767166,0.002260983,"BCYRN1","DOWN",3616.032,-0.5857022,0.15879268,2.592344e-06,0.0001408432,"BCYRN1","DOWN"
"379","ENSG00000237357",32.83176,-1.09413,0.42181903,0.0002587866,0.0008122467,NA,"DOWN",106.478,-1.419736,0.41845893,4.010873e-06,0.0002033125,NA,"DOWN"
"380","ENSG00000240086",45.32109,-0.8834637,0.32726358,0.0005182012,0.001555938,"LOC102724019","DOWN",91.64323,-0.9845886,0.44266422,0.0001083928,0.003230072,"LOC102724019","DOWN"
"381","ENSG00000241322",52.67109,0.8969296,0.34524424,0.0006426308,0.001897197,"FBXW10B","UP",411.2339,0.3201282,0.20799903,0.002936354,0.04523557,"FBXW10B","UP"
"382","ENSG00000248898",22.47775,3.562934,1.2960829,1.488784e-06,6.184117e-06,"PELO-AS1","UP",27.8362,1.224373,0.82844854,0.0001410709,0.004068051,"PELO-AS1","UP"
"383","ENSG00000250303",27.55617,1.112068,0.57393993,0.001241263,0.003500124,"LINC02762","UP",436.5298,0.3722493,0.20862006,0.001213909,0.02340895,"LINC02762","UP"
"384","ENSG00000254363",20.78352,1.189964,0.57625794,0.0007079291,0.002075532,"LOC101929719","UP",22.09819,0.476064,0.75202863,0.001616517,0.0292471,"LOC101929719","UP"
"385","ENSG00000254685",728.7744,-0.4559586,0.118997,6.763326e-05,0.0002314046,"FPGT","DOWN",777.2335,-0.5317467,0.19046867,4.828407e-05,0.001660618,"FPGT","DOWN"
"386","ENSG00000254815",212.4124,1.272066,0.26276247,1.517577e-08,7.565599e-08,"LMNTD2-AS1","UP",21.62251,0.3740241,0.66355316,0.002941928,0.04526961,"LMNTD2-AS1","UP"
"387","ENSG00000255302",6617.486,-0.7224149,0.04008401,2.888694e-73,1.708821e-71,"EID1","DOWN",9338.373,-0.3502896,0.10997389,2.553242e-05,0.0009827097,"EID1","DOWN"
"388","ENSG00000255330",346.7087,-1.089287,0.14233424,5.584714e-16,4.630842e-15,NA,"DOWN",607.6164,-1.272127,0.16687727,4.380181e-16,1.746853e-13,NA,"DOWN"
"389","ENSG00000257743",7.867164,1.154677,0.88206241,0.002279812,0.00614138,"MGAM2","UP",323.3422,0.3570601,0.24159193,0.002699985,0.04262937,"MGAM2","UP"
"390","ENSG00000260916",1425.084,-0.3592628,0.06778011,7.957052e-08,3.718965e-07,"CCPG1","DOWN",1705.092,-0.4518787,0.14404012,1.646832e-05,0.0006710483,"CCPG1","DOWN"
"391","ENSG00000263465",1929.507,-0.2104206,0.07169934,0.002926593,0.007734493,"SRSF8","DOWN",1949.815,-0.2426883,0.1316848,0.003131375,0.04706855,"SRSF8","DOWN"
"392","ENSG00000265763",186.2606,-0.7327027,0.16700296,2.187534e-06,8.958413e-06,"ZNF488","DOWN",269.6878,-0.354978,0.24440785,0.002890257,0.04473574,"ZNF488","DOWN"
"393","ENSG00000270344",115.8531,0.8237013,0.26025356,0.0001692341,0.0005472083,NA,"UP",91.42553,0.5991773,0.44016089,0.001355945,0.02541583,NA,"UP"
"394","ENSG00000271013",139.4528,0.4866337,0.21215506,0.009677467,0.02306972,NA,"UP",664.2897,0.3319436,0.17844052,0.001289277,0.02455916,NA,"UP"
"395","ENSG00000271643",66.2405,0.5189856,0.25312868,0.01524343,0.03475011,"PDCD6IP-DT","UP",382.6875,0.390453,0.25057004,0.001910469,0.03309597,"PDCD6IP-DT","UP"
"396","ENSG00000272695",2.972188,0.7894811,1.07230157,0.005276798,0.0132596,"GAS6-DT","UP",863.6397,0.3398695,0.16788893,0.0008143871,0.01707214,"GAS6-DT","UP"
"397","ENSG00000275052",2080.764,-0.3613683,0.05967638,9.629169e-10,5.295803e-09,"PPP4R3B","DOWN",10753.59,-0.2403722,0.1085492,0.00140282,0.02613763,"PPP4R3B","DOWN"
"398","ENSG00000278175",148.952,-2.013424,0.22486991,5.493454e-21,5.918607e-20,"GLIDR","DOWN",213.1083,-0.9807937,0.26150999,2.75359e-06,0.0001483141,"GLIDR","DOWN"
"399","ENSG00000279069",207.7341,-0.8593646,0.17625035,1.118713e-07,5.166262e-07,NA,"DOWN",215.1695,-0.8710181,0.26652576,1.261956e-05,0.00053275,NA,"DOWN"
"400","ENSG00000280987",3621.611,-0.4329913,0.05561734,4.063678e-15,3.226522e-14,"MATR3","DOWN",5772.148,-0.5102449,0.13227881,1.059081e-06,6.573314e-05,"MATR3","DOWN"
"401","ENSG00000281128",51.87468,-0.5916254,0.29019558,0.01140747,0.02676701,"PTENP1-AS","DOWN",267.7392,-0.5969261,0.33472525,0.0006057586,0.01354933,"PTENP1-AS","DOWN"
"402","ENSG00000289697",5.23287,-0.6490332,0.76603645,0.0205691,0.04529708,NA,"DOWN",33.14287,-2.842424,0.74792532,1.417243e-08,1.383584e-06,NA,"DOWN"
"403","ENSG00000289720",191.3497,-0.7077514,0.24257323,0.000668087,0.001967348,"ITCH","DOWN",1013.138,-0.3373193,0.19638927,0.0017444,0.03081718,"ITCH","DOWN"
"404","ENSG00000291010",167.6444,0.6494871,0.20176777,0.0003297058,0.001020474,"MRPS31P5","UP",183.6787,0.4506331,0.36721864,0.002979253,0.04554903,"MRPS31P5","UP"
"405","ENSG00000291090",133.4069,2.470265,0.2395923,6.403122e-27,9.091692e-26,"CCDC144BP","UP",2903.456,0.220648,0.10943934,0.002827834,0.04410634,"CCDC144BP","UP"
"406","ENSG00000293240",137.376,0.5722026,0.3247071,0.02149677,0.04713567,NA,"UP",454.3407,0.5895777,0.25249876,0.000167672,0.004718984,NA,"UP"
